名称,链接,类型,卫生间,床数量,卧室数量,容纳人数,价格,评论数,特色,位置,出行信息,,,,
清远高品会.威尼斯spa别墅七房九床,"https://www.airbnb.cn/rooms/10222768?s=lL8DwLxp&guests=1&adults=1
",整栋别墅,4个卫生间,9张床,7间卧室,最多住15人,1980,3,"高品会清远恒大旅游城spa度假别墅位于风景优美的清新区恒大旅游城内,由八幢欧陆风格､超高颜值的欧式别墅组成, 彰显豪华典范,富丽堂皇,房子开阔大气,,欧式风格与现代科技完美展现,典型的欧风墙体与田园家具配搭,浑然一体｡每个房间带电视或电脑､或手机连接蓝牙的音晌系统!大厅配置5.1声道DTS环绕音响;独立KTV房､蒸汽桑拿､一次可容纳多人使用的私家spa水疗恒温浴池,提供韩式和碳式烧烤炉,成套现代化厨房设备,自动麻将､室内高尔夫练习､.瑜伽､VR虚拟现实3d魔镜､摇篮､飞镖､天猫魔盒:乒乓球､设备一应俱全!   所有户型的别墅内设私家spa水疗恒温浴池,独立ktv房间,每客赠送spa水疗恒温浴一次,独立ktv房早上9时开放,  晚上23时关机｡温馨提示:别墅内所有设施不收取任何费用.全天候免费停车｡","清远市高品旅游度假恒大旅游城森林温泉别墅位于清远恒大旅游城,是原生态国际旅游度假胜地,位于中国首席4A级景区别墅典范——清远恒大金碧天下,位于清远市清新区清连高速往北首个出口右转1KM即到达(即龙颈出口)距白云机场只需35分钟车程,距清远市区清新区15分钟､背靠笔架山森林瀑布4A风景区,独揽万亩连绵群山,私藏百亩人工生态湖､2公里黄金湖岸线､3公里中央景观大道､10大世界级的主题园林及风情广场,充分演绎了大自然的宁静与皇室奢华的气派｡","清远市高品度假恒大旅游城温泉森林泉别墅方圆15公里内有多个国家级景区:恒大足球学校､恒大足球基地, 太和古洞､黄腾峡漂流､ 玄真漂流､ 清新温矿泉､ 牛鱼嘴风景区､ 飞霞风景名胜区､ 清泉湾生态旅游区､ 清远笔架山､ 薰衣草世界､清远黄腾峡漂流 清远金龙峡漂流､ 飞来寺等,景点数量实在数不胜数!",,,,
清远市高品会.奥斯卡spa别墅六房8床,"https://www.airbnb.cn/rooms/10921197?s=lL8DwLxp&guests=1&adults=1
",整栋别墅,4个卫生间,8张床,6间卧室,最多住12人,1580,0,"高品会清远恒大旅游城spa度假别墅位于风景优美的清新区恒大旅游城内,由八幢欧陆风格､超高颜值的欧式别墅组成, 彰显豪华典范,富丽堂皇,房子开阔大气,,欧式风格与现代科技完美展现,典型的欧风墙体与田园家具配搭,浑然一体｡每个房间带电视或电脑､或手机连接蓝牙的音晌系统!大厅配置5.1声道DTS环绕音响;独立KTV房､蒸汽桑拿､一次可容纳多人使用的私家spa水疗恒温浴池,提供韩式和碳式烧烤炉,成套现代化厨房设备,自动麻将､室内高尔夫练习､.瑜伽､VR虚拟现实3d魔镜､摇篮､飞镖､天猫魔盒:乒乓球､设备一应俱全!   所有户型的别墅内设私家spa水疗恒温浴池,独立ktv房间,每客赠送spa水疗恒温浴一次,独立ktv房早上9时开放,  晚上23时关机｡温馨提示:别墅内所有设施不收取任何费用.全天候免费停车｡",,,,,,
1,"https://www.airbnb.cn/rooms/11715562?s=lL8DwLxp&guests=1&adults=1
",普通民宅里的独立房间,1个独立卫生间,1张床,1间卧室,最多住1人,520,0,"路边,但也不吵｡是新楼,很干净",,,,,,
"清远恒大金碧天下独栋别墅,可容纳多人派对或聚会｡麻将ktv烧烤等设备齐全","https://www.airbnb.cn/rooms/14018177?s=lL8DwLxp&guests=1&adults=1
",整栋别墅,2个卫生间,9张床,5间卧室,最多住13人,1880,2,"别墅在清远清新区龙颈出口,恒大世纪旅游城内,与恒大皇马足球学校为邻｡绿化､空气好｡设运动中心､娱乐中心､会议中心､饮食中心等｡是聚会､休闲度假､自驾游首选｡","交通方便,设施齐备,区街整洁,绿化良好,空气清新,休闲宁静,鸟语花香｡","社区每日都有清远市区､广州市区的往返接送大巴(收费),和社区内穿梭小巴(免费)｡恒大金碧天下六大中心和别墅区内可免费停车｡",,,,
"清远恒大金碧天下度假别墅悠然惠墅 适合团体度假 家庭度假 父母度假 空气清新到不吸白不吸,6-8人","https://www.airbnb.cn/rooms/14394244?s=lL8DwLxp&guests=1&adults=1
",整栋别墅,2个卫生间,6张床,3间卧室,最多住8人,1180,3,"联排别墅,上下两层,位于恒大金碧天下福山六街30栋03号,在清远恒大世纪旅游城内｡
      度假就是要找别墅啊,别问为什么,难不成平时高楼林的“火柴盒
子”里,假期还找这样的隔空层?那必须找个接地气的地儿啊,还得是前后有院,空气清新到能洗肺,平时积攒的什么什么2.5,统统要吐出去｡配套还是内外都完善,团体啊､家庭啊､父母啊周末假日来到这,室内卡拉OK､烧烤､自动麻将就等您来摸､来唱､来烤啊｡前后花园有草有木,这个春季已经种花施肥,花草繁盛的郁葱小院,那想不怡情都难｡外部大社区配套有健康中心､娱乐中心､美食中心等,湖边更有晨曦美景,落日余晖｡
      社区内有华润超市､菜市场､各色菜系的小馆子;什么?想吃高档的,那就去六星酒店和美食中心啊,毛家饭店､粤式早茶､自助餐,甚至提前定个湖边烧烤,浪漫西餐,那都是看玛尼的事啊｡
     惠墅,取自女猪脚名字的惠字,怎么着也包含了优惠的意思,装修为简欧风格,啥是简欧?就是有情调啊,哈哈,看图｡平时价1680元/天,周末价1880元/天,大节日2180元/天｡
    惠墅靠近大社区配套设施,湖光山色,慢生活充电模式:)来吧｡","悠然别墅6号惠墅,离大社区的公共配套很近,湖边散步､划船3､5分钟路程;社区的健康中心､娱乐中心､美食中心､六星级酒店餐饮服务随时可享｡",园区内有中巴;社区有大巴定时穿梭广清之间｡,,,,
碧桂园清泉城山顶度假别墅,"https://www.airbnb.cn/rooms/14409765?s=lL8DwLxp&guests=1&adults=1
",整套公寓,4个卫生间,6张床,4间卧室,最多住11人,880,4,"我的房源靠近优美的景色和艺术和文化｡因为户外空间､舒适的床､厨房,您一定会爱上我的房源｡我的房源适合情侣､商务旅行者､有小孩的家庭､大型团体｡",,,,,,
风景宜人的豪华独栋五房八床别墅,"https://www.airbnb.cn/rooms/14904087?s=lL8DwLxp&guests=1&adults=1
",整套房子,4个卫生间,9张床,5间卧室,16位及更多房客,3680,0,"位于广州的后花园,交通方便的温泉之乡,空气清新,风景宜人,豪华精致的装修,可烧烤,可泡温泉,可打麻将等,适合一家大小及同学朋友相聚",,,,,,
"清平村居——客家泥砖房老宅,清净带内花园的大院子","https://www.airbnb.cn/rooms/15153279?s=lL8DwLxp&guests=1&adults=1
",客用套房里的独立房间,1间卫生间,1张床,1间卧室,最多住3人,120,7,"院子远离城市,适合几家人一起出行玩(最多可以住20多人),有完整的空气能热水等配套设施,庭院里有9间房间每间房间1.5米的床,有独立的厨房,可以做饭菜,院子与外部隔绝,整个院子除了花园外都是水泥地,另外还有一些木工设备可以做,户主可以免费带到附近飞瀑原始山谷景区探险(中途的午餐需要额外费用),另外院子本来在上个世纪的时候是木工房,还有很多工具,可以提供一定程度的木工教程｡

免费的服务(可提前跟房东沟通线路等):
免费的本地全陪向导带着附近免费的风景游玩

可以提供收费服务(需要提前预定):
1､木工课程
2､餐､烧烤","环境优美,地处广州北部众多森林保护区当中,另外清平村居地处原来的东明镇中心,不过这个镇已经撤销,所以不算特别热闹｡","通过公共交通工具可以到达,但是每天只有3趟车来往于市区,自驾离高速路口10几公里｡",,,,
"迷人的英伦风景区,五星级的舒适洋房","https://www.airbnb.cn/rooms/15209414?s=lL8DwLxp&guests=1&adults=1
",整套公寓,2个卫生间,4张床,3间卧室,最多住6人,353,7,"房间共有三个卧室,主卧1.8*2米舒适大皮床,带独立卫浴间;次卧1.5*2米木质榻榻米,小卧室趣味木床上下床｡每个房间都有冷暖空调,房间为整套,有全自动高档麻将机,冰箱,洗衣机,电磁炉,史密斯电热水器,客厅圆柱式冷暖空调,观景阳台,楼层视野好｡","房间在碧桂园清泉城最里面,过了英伦小镇左转再右转,正对着的保安亭进来,直行5米,左转进地下车库,正对着地下车库的门口即是5号楼电梯,按电梯上28层,输入入住当天发送给您的门锁密码即可进入了｡","3路公交车碧桂园清泉城英伦小镇站｡
停地下停车场比较方便,进保安亭直行5米,左手边是地下停车场入口,直行,最里面一排是电梯,共3部电梯入口,最左边的是您要去的5号楼电梯｡
停车收费标准:1小时之内免费,超过1小时1元1小时,单次12小时3元封顶｡也就是您停24小时6元左右｡",,,,
羊角山顶的静谧之地,"https://www.airbnb.cn/rooms/15347992?s=lL8DwLxp&guests=1&adults=1
",整栋别墅,2个卫生间,4张床,2间卧室,最多住8人,680,5,"位于碧桂园清泉城别墅区山最高处,一览无遗的景观",,,,,,
"山景微墅,品质旅行,在佛冈碧桂园清泉城尽享温泉､富氧山居","https://www.airbnb.cn/rooms/15410135?s=lL8DwLxp&guests=1&adults=1
",整套公寓,1间卫生间,2张床,2间卧室,最多住4人,299,11,"大视野观景,边位明亮,享楼下山泉水泳池､休闲会所,小区温泉､景观湖､登羊角山､英伦小镇写真…天然､富氧､健康｡房间星级标准打造,电视､冰箱､洗衣机､电视､WiFi､冷暖空调,入住舒适,将心比心把卫生做到最好,提升入住体验｡",山泉水泳池､休闲会所､温泉､半山网球场､篮球场､足球场,"楼下停车,3路公交车直达",,,,
清远佛冈碧桂园清泉城四房七床带KTV温泉豪华半山别墅,"https://www.airbnb.cn/rooms/15473363?s=lL8DwLxp&guests=1&adults=1
",整栋别墅,3个卫生间,7张床,4间卧室,最多住12人,898,1,"本别墅位于广东省清远市佛冈碧桂园清泉城内,酒店式经营管理,周边旅游资源丰富,聚集了森波拉奇妙世界､观音山风景区､聚龙湾度假区等旅游度假项目,是珠三角客户旅游度假天堂｡别墅内设有ktv影视厅､57寸超大电视､电动麻将机､烧烤炉､厨房等设备｡独栋别墅,视野开阔,别墅四周群山环绕,景色优美｡",森波拉度假区,自驾游,,,,
"碧桂园清泉城亦家度假温泉别墅温泉KTV四房7床,大露台靓景观麻将烧烤轰趴嗨翻天","https://www.airbnb.cn/rooms/15891423?s=lL8DwLxp&guests=1&adults=1
",整栋别墅,4个卫生间,7张床,4间卧室,最多住12人,980,9,"【碧桂园清泉城】亦家度假别墅 坐落于广州后花园清远佛冈羊角山风景区碧桂园清泉城云泉谷,坐北观南,拥有宽阔的自然景观｡

距离广州仅1小时车程｡

适合:家庭度假､朋友聚会､生日Party､班级活动､公司团体活动､客户接待等｡
这里,有最干净的空气,最清澈的溪流,最灿烂的星空,和最美丽的风景｡
别墅坐落于山谷坡岭之中,设备齐全,KTV､烧烤､麻将､乒乓球台､做饭､钓鱼､绿道踩单车､儿童乐园､体育公园､温泉会所､风情商业街､当地美食农庄一应俱全｡

你若喜欢,请来,我许你明月朗朗,清风相伴~",大型温泉会所､无边游池､儿童乐园､体育公园､植物园､钓鱼岛､水晶宫､英伦小镇､美食农庄等,"文通便利,由京珠高速至广州仅1小时左右车程,通往深圳､东莞､佛山等地仅需1.5-2.5小时｡距离佛冈县城10分钟车程｡
周边旅游资源丰富,聚集了森波拉温泉度假村､聚龙湾天然温泉度假村､观音山省级风景区､龙啸峡漂流､田野绿世界等旅游度假项目｡",,,,
田源民宿,"https://www.airbnb.cn/rooms/16153670?s=lL8DwLxp&guests=1&adults=1
",普通民宅里的独立房间,3个公共卫生间,5张床,4间卧室,最多住6人,160,5,"逃离城市寻找一个安静的乡村或是与大自然来个热情拥抱,也许这里合适你,带上风筝可以在大草原奔跑,带上鱼竿在罗坑湖垂钓,背上背包攀登茶岩顶､船底顶(这最不缺的就是山),带上手电筒探险山洞,或许----等待你的发现｡ 
干净整洁房子,有超大阳台可以在夜晚边喝茶边仰望星空｡虫鸣鸟叫,繁星点点,可能唯有天空那点闪闪红光的飞机可以发出现代的噪音了!对自然就这么亲近｡","我这处于客家村落,民风淳朴｡","停车很方便哦,院子可以免费停车",,,,
趣墅·清远佛冈清泉城1号半山私家温泉别墅|5房8床|麻将烧烤,"https://www.airbnb.cn/rooms/16638103?s=lL8DwLxp&guests=1&adults=1
",整栋别墅,4个卫生间,8张床,5间卧室,最多住15人,1680,3,"趣墅,全国领先的别墅度假品牌｡作为“趣味度假魔法师”的首倡者,我们希望为客人带来有趣而美好的度假体验｡无论是家庭度假､亲友聚会､公司欢聚,或是商务接待等,趣墅都能为你提供完美的度假地｡目前,趣墅已遍布华南热门旅游目的地,在线精品别墅超过1000栋,服务人次超过60万｡同时,趣墅也即将进驻三亚､杭州､成都､重庆等地,让更多人可以睡进有趣的度假别墅,躺进1000种理想生活里｡

别墅位于佛冈县碧桂园清泉城内,小区内设植物园､儿童乐园､会所､餐厅､登山公园､网球场､足球场､高尔夫球场等,周边聚集了森波拉温泉度假村､聚龙湾天然温泉度假村､观音山省级风景区､龙啸峡漂流等旅游度假项目｡",,,,,,
清远高品会.百老汇spa独栋别墅12套房18床14卫,"https://www.airbnb.cn/rooms/16658073?s=lL8DwLxp&guests=1&adults=1
",整栋别墅,14个卫生间,16张床,12间卧室,16位及更多房客,3960,0,"高品会清远恒大旅游城spa度假别墅位于风景优美的清新区恒大旅游城内,由八幢欧陆风格､超高颜值的欧式别墅组成, 彰显豪华典范,富丽堂皇,房子开阔大气,,欧式风格与现代科技完美展现,典型的欧风墙体与田园家具配搭,浑然一体｡每个房间带电视或电脑､或手机连接蓝牙的音晌系统!大厅配置5.1声道DTS环绕音响;独立KTV房､蒸汽桑拿､一次可容纳多人使用的私家spa水疗恒温浴池,提供韩式和碳式烧烤炉,成套现代化厨房设备,自动麻将､室内高尔夫练习､.瑜伽､VR虚拟现实3d魔镜､摇篮､飞镖､天猫魔盒:乒乓球､设备一应俱全!   所有户型的别墅内设私家spa水疗恒温浴池,独立ktv房间,每客赠送spa水疗恒温浴一次,独立ktv房早上9时开放,  晚上23时关机｡温馨提示:别墅内所有设施不收取任何费用.全天候免费停车｡",,,,,,
高品号邮轮·利舞台空中K歌spa别墅8房14床,"https://www.airbnb.cn/rooms/17442601?s=lL8DwLxp&guests=1&adults=1
",整栋别墅,4个卫生间,14张床,8间卧室,16位及更多房客,2280,8,"高品会清远恒大旅游城spa度假别墅位于风景优美的清新区恒大旅游城内,由八幢欧陆风格､超高颜值的欧式别墅组成, 彰显豪华典范,富丽堂皇,房子开阔大气,,欧式风格与现代科技完美展现,典型的欧风墙体与田园家具配搭,浑然一体｡每个房间带电视或电脑､或手机连接蓝牙的音晌系统!大厅配置5.1声道DTS环绕音响;独立KTV房､蒸汽桑拿､一次可容纳多人使用的私家spa水疗恒温浴池,提供韩式和碳式烧烤炉,成套现代化厨房设备,自动麻将､室内高尔夫练习､.瑜伽､VR虚拟现实3d魔镜､摇篮､飞镖､天猫魔盒:乒乓球､设备一应俱全!   所有户型的别墅内设私家spa水疗恒温浴池,独立ktv房间,每客赠送spa水疗恒温浴一次,独立ktv房早上9时开放,  晚上23时关机｡温馨提示:别墅内所有设施不收取任何费用.全天候免费停车｡",,,,,,
清远高品会·百老汇spa双拼别墅6套房9床7卫,"https://www.airbnb.cn/rooms/17443143?s=lL8DwLxp&guests=1&adults=1
",整栋别墅,7个卫生间,9张床,6间卧室,最多住12人,1980,2,"高品会清远恒大旅游城spa度假别墅位于风景优美的清新区恒大旅游城内,由八幢欧陆风格､超高颜值的欧式别墅组成, 彰显豪华典范,富丽堂皇,房子开阔大气,,欧式风格与现代科技完美展现,典型的欧风墙体与田园家具配搭,浑然一体｡每个房间带电视或电脑､或手机连接蓝牙的音晌系统!大厅配置5.1声道DTS环绕音响;独立KTV房､蒸汽桑拿､一次可容纳多人使用的私家spa水疗恒温浴池,提供韩式和碳式烧烤炉,成套现代化厨房设备,自动麻将､室内高尔夫练习､.瑜伽､VR虚拟现实3d魔镜､摇篮､飞镖､天猫魔盒:乒乓球､设备一应俱全!   所有户型的别墅内设私家spa水疗恒温浴池,独立ktv房间,每客赠送spa水疗恒温浴一次,独立ktv房早上9时开放,  晚上23时关机｡温馨提示:别墅内所有设施不收取任何费用.全天候免费停车｡",,,,,,
清远高品会.维也纳spa别墅7房9床,"https://www.airbnb.cn/rooms/17443345?s=lL8DwLxp&guests=1&adults=1
",整栋别墅,4个卫生间,9张床,7间卧室,16位及更多房客,1980,1,"高品会清远恒大旅游城spa度假别墅位于风景优美的清新区恒大旅游城内,由八幢欧陆风格､超高颜值的欧式别墅组成, 彰显豪华典范,富丽堂皇,房子开阔大气,,欧式风格与现代科技完美展现,典型的欧风墙体与田园家具配搭,浑然一体｡每个房间带电视或电脑､或手机连接蓝牙的音晌系统!大厅配置5.1声道DTS环绕音响;独立KTV房､蒸汽桑拿､一次可容纳多人使用的私家spa水疗恒温浴池,提供韩式和碳式烧烤炉,成套现代化厨房设备,自动麻将､室内高尔夫练习､.瑜伽､VR虚拟现实3d魔镜､摇篮､飞镖､天猫魔盒:乒乓球､设备一应俱全!   所有户型的别墅内设私家spa水疗恒温浴池,独立ktv房间,每客赠送spa水疗恒温浴一次,独立ktv房早上9时开放,  晚上23时关机｡温馨提示:别墅内所有设施不收取任何费用.全天候免费停车｡",,,,,,
清远高品会.荷里活spa别墅 六房8床,"https://www.airbnb.cn/rooms/17449742?s=lL8DwLxp&guests=1&adults=1
",整栋别墅,4个卫生间,8张床,6间卧室,最多住12人,1880,2,"高品会清远恒大旅游城spa度假别墅位于风景优美的清新区恒大旅游城内,由八幢欧陆风格､超高颜值的欧式别墅组成, 彰显豪华典范,富丽堂皇,房子开阔大气,,欧式风格与现代科技完美展现,典型的欧风墙体与田园家具配搭,浑然一体｡每个房间带电视或电脑､或手机连接蓝牙的音晌系统!大厅配置5.1声道DTS环绕音响;独立KTV房､蒸汽桑拿､一次可容纳多人使用的私家spa水疗恒温浴池,提供韩式和碳式烧烤炉,成套现代化厨房设备,自动麻将､室内高尔夫练习､.瑜伽､VR虚拟现实3d魔镜､摇篮､飞镖､天猫魔盒:乒乓球､设备一应俱全!   所有户型的别墅内设私家spa水疗恒温浴池,独立ktv房间,每客赠送spa水疗恒温浴一次,独立ktv房早上9时开放,  晚上23时关机｡温馨提示:别墅内所有设施不收取任何费用.全天候免费停车｡",,,,,,
"趣墅·清远佛冈清泉城5号私家温泉别墅|5房9床|麻将烧烤自助厨房,近森波拉度假区","https://www.airbnb.cn/rooms/18201544?s=lL8DwLxp&guests=1&adults=1
",整栋别墅,3.5个卫生间,9张床,5间卧室,16位及更多房客,1580,0,"趣墅,全国领先的别墅度假品牌｡作为“趣味度假魔法师”的首倡者,我们希望为客人带来有趣而美好的度假体验｡无论是家庭度假､亲友聚会､公司欢聚,或是商务接待等,趣墅都能为你提供完美的度假地｡目前,趣墅已遍布华南热门旅游目的地,在线精品别墅超过1000栋,服务人次超过60万｡同时,趣墅也即将进驻三亚､杭州､成都､重庆等地,让更多人可以睡进有趣的度假别墅,躺进1000种理想生活里｡

清远佛冈碧桂园清泉城别墅,由碧桂园集团打造的大型度假新城,依山而建､全新装饰而成的私家别墅,最大限度保留了地块原有的地形地貌,四周群山环抱,山色连绵｡别墅依山依势而筑,潺潺溪水蜿蜒其中,家家观景､户户亲水｡","【周边配套】:
【浈阳峡旅游小镇】位于清远英德市连江口镇北,是集旅游､住宿､餐饮､购物､会议､休闲娱乐为一体的多功能休闲度假区｡
【观音山王山寺】观音山为广东的八大名山之一,海拔1288米,是著名的佛教名山｡景区还有一系列的旅游项目,如:神仙谷探秘､刺激溯瀑､露营野炊､定向越野､丛林穿越等｡
【上岳村】是一个有着720年历史的古村落｡它始建于宋代,于清朝达到鼎盛时期｡村内108座古民居掩卧在桔果树丛中,前塘后山的布局,蕴含着藏风纳水的寓意｡
【飞来峡】飞来峡风景区位于清远城上游20多公里的北江河段,是省级风景名胜区和旅游度假区,是道教第十九福地｡","【交通路线】:
导航地址:佛冈碧桂园清泉城
广州出发:华南快速干线(或机场高速)---京珠高速(北行)---佛冈出口---右转沿106国道走5公里---碧桂园清泉城
佛山出发:北二环---京珠高速(北行)---佛冈出口---右转沿
106国道走5公里---碧桂园清泉城
东莞深圳出发:广深高速---北二环---京珠高速(北行)---佛冈出口---右转沿106国道走5公里---碧桂园清泉城",,,,
山泉山庄(包别墅),"https://www.airbnb.cn/rooms/18320573?s=lL8DwLxp&guests=1&adults=1
",别墅里的独立房间,5个独立卫生间,11张床,7间卧室,16位及更多房客,1888,0,"山泉山庄位于广东省英德市石牯塘镇石下村委(桥头别墅),地处旅游胜地(九州驿站天门沟与蝴蝶谷)景区边,离景区7公里处,行车时10分钟;距离石牯塘镇2公里,行车时3分钟｡居住环境秀丽而优美,空气清新､气候宜人,令人天然般心旷神怡,享受多样化住宿环境,避暑山庄之选!期待您的大驾光临,住进百姓家,体验百姓生活,领略农家风采!",,,,,,
山泉山庄(别墅套房),"https://www.airbnb.cn/rooms/18321846?s=lL8DwLxp&guests=1&adults=1
",别墅里的独立房间,1个独立卫生间,1张床,1间卧室,最多住2人,388,0,"英德山泉山庄位于广东省英德市石牯塘镇石下村委(桥头别墅),地处旅游胜地(九州驿站天门沟､蝴蝶谷､广东大峡谷等)景区边,离景区7公里处,行车时10分钟;距离石牯塘镇2公里,行车时3分钟｡居住环境秀丽而优美,空气清新､气候宜人,令人天然般心旷神怡!期待您的大驾光临,住进百姓家,体验百姓生活,领略农家风采!备注:如果亲想要品尝真正的农家风味,本地清远鸡,山川河鸭,山泉鱼,农家青菜,提前预约,这样更好的提前为您安排!",,,,,,
农村小镇湖畔人家,"https://www.airbnb.cn/rooms/18629106?s=lL8DwLxp&guests=1&adults=1
",普通民宅里的独立房间,1间卫生间,2张床,1间卧室,最多住2人,138,0,"湖畔旁边的房子,远离尘嚣,空气清新,环境优美｡体验农村人家的生活方式…",,,,,,
紫晴雅筑,"https://www.airbnb.cn/rooms/18756449?s=lL8DwLxp&guests=1&adults=1
",整套联排别墅,3个卫生间,4张床,4间卧室,最多住8人,1000,5,"房子位于半山,私密性非常好,是联排别墅,花园面积约150平米｡两间联排别墅可以一并租,也可以单独租一间别墅,标价是一间联排别墅的价格｡别墅里有电视､麻将机等娱乐设施,小区里有绿道､公园､观景湖等,风景秀丽,还有四个泳池和一个大型温泉区,有超市,附近有较多食肆,靠近羊角山国家森林公园,森波拉温泉近在咫尺,是团队建设及一家人周末休闲放松的好去处｡",,,,,,
佛冈碧桂园清泉城凤凰温泉度假别墅,"https://www.airbnb.cn/rooms/19791590?s=lL8DwLxp&guests=1&adults=1
",整栋别墅,4个卫生间,7张床,4间卧室,最多住12人,1080,2,"业主自营,干净卫生｡三层独栋别墅,230平米,四房七床,可住8-12人,另可加一张1米5沙发床｡300平米大花园,私人温泉泡池｡厨房配全套用具､专业KTV､麻将､烧烤､乒乓球台､摇椅等休闲娱乐设施齐全｡别墅区内还有儿童乐园､植物园､体育公园､绿道､钓鱼岛､英伦小镇､农庄,吃喝玩乐一应俱全,风景幽美,空气清新,是度假､聚会的好去处｡","这里是度假区,游客喜欢这里的清新空气,优美环境,休闲的度假气氛,喜欢假日放松的你们请到这里来吧｡",自驾:京珠高速佛冈出口右转5公里即到,,,,
[铭南]望山复式2房公寓/森波拉/观音山/羊角山,"https://www.airbnb.cn/rooms/19796435?s=lL8DwLxp&guests=1&adults=1
",整间Loft,1间卫生间,2张床,2间卧室,最多住4人,286,3,"养生度假的大盘,著名的碧桂园小区｡环境优美清新!内部设备齐全,高速网络",,,,,,
恒大金碧天下~领寓-非凡,"https://www.airbnb.cn/rooms/19823818?s=lL8DwLxp&guests=1&adults=1
",整套公寓,1间卫生间,1张床,1间卧室,最多住2人,188,1,"恒大金碧天下位于广东省重点旅游城市清远市龙颈镇,全国有名的恒大足球学校就在旁边,房间位于楼盘小区中心位置,空气清新怡人,环境舒适优雅,设施齐全,难得的是由样板房装修而成,实为都市人士渡假之理想选择!",这里是全国足球旅游小镇哟!,"有穿楼盘梭楼巴,到市区和广州以太广场的巴士",,,,
清远包别墅英德包别墅,"https://www.airbnb.cn/rooms/20156442?s=lL8DwLxp&guests=1&adults=1
",整套房子,5个卫生间,11张床,7间卧室,16位及更多房客,1888,1,深山老林之世外桃园,,,,,,
碧桂园清泉城《高端》山景风情两房一厅,"https://www.airbnb.cn/rooms/20676346?s=lL8DwLxp&guests=1&adults=1
",整栋别墅,2个卫生间,2张床,5间卧室,最多住14人,198,1,"佛冈碧桂园清泉城《美湖丽景》温泉酒店
    “酒店介绍”:精品标准大床房
灯光融合欧洲风格
  景观特色:清晨醒来打开窗帘,绿色山水景铺面而来｡

     配套特色:小区有会所､可健身､跑步打桌球､乒乓球､游泳､户外有篮球场､足球场､网球场､有登山径,可上羊角山､有雪行车道,可租车骑行,锻炼身体｡

    养生特色:温泉

周边特色:羊角山风景区､森波拉风景区､观音山风景区

  小区内有免费电瓶车､随叫随到､有免费穿梭巴士､有超市､餐厅､山泉水游泳池､半山网球场､足球场､篮球场､湖治､登山､健身会所､免费茶歇､儿童游乐场､植物园､提款机等……","《美好时光,美景,美屋不可辜负》
住在这里是一种很美妙的事情,是一种温馨舒适的感受!
愿有缘来住下的朋友,希望它为你带来一段独一无二的旅途体验｡
日韩小清新,典雅之余不失高贵｡
  清新淡雅的空气和休闲的气氛;让您感受城市不能体验的悠闲舒适;让心灵回归大自然更好地享受生活的乐趣｡","佛冈碧桂园清泉城《美湖丽景》温泉酒店
    “酒店介绍”:
  景观特色:清晨醒来打开窗帘,绿色山水景铺面而来｡

     配套特色:小区有会所､可健身､跑步打桌球､乒乓球､游泳､户外有篮球场､足球场､网球场､有登山径,可上羊角山､有雪行车道,可租车骑行,锻炼身体｡

    养生特色:温泉

周边特色:羊角山风景区､森波拉风景区､观音山风景区

  小区内有免费电瓶车､随叫随到､有免费穿梭巴士､有超市､餐厅､山泉水游泳池､半山网球场､足球场､篮球场､湖治､登山､健身会所､免费茶歇､儿童游乐场､植物园､提款机等……

  
   自驾游路线 (Website hidden by Airbnb) 广州:华南快速干线—京珠高速(北行)—佛冈出口右转5公里—碧桂园清泉 (Website hidden by Airbnb) 佛山:广佛高速公路—广州环城高速(北行)—华南快速干线—京珠高速(北行)—佛冈出口右转5公里—碧桂园清泉 (Website hidden by Airbnb) 深圳:广深高速—北二环—京珠高速(北行)—佛冈出口右转5公里—碧桂园清泉 (Website hidden by Airbnb) 



佛冈清泉城美湖丽景度假酒店",,,,
碧桂园清泉城《高级》豪华套房,"https://www.airbnb.cn/rooms/20678673?s=lL8DwLxp&guests=1&adults=1
",整间Loft,1间卫生间,2张床,2间卧室,最多住4人,188,1,"佛冈碧桂园清泉城《美湖丽景》温泉酒店

    “酒店介绍”:精品房豪华装修
灯光一流
  景观特色:清晨醒来打开窗帘,绿色山水景铺面而来｡

     配套特色:小区有会所､可健身､跑步打桌球､乒乓球､游泳､户外有篮球场､足球场､网球场､有登山径,可上羊角山､有雪行车道,可租车骑行,锻炼身体｡

    养生特色:温泉

周边特色:羊角山风景区､森波拉风景区､观音山风景区

  小区内有免费电瓶车､随叫随到､有免费穿梭巴士､有超市､餐厅､山泉水游泳池､半山网球场､足球场､篮球场､湖治､登山､健身会所､免费茶歇､儿童游乐场､植物园､提款机等……","《美好时光,美景,美屋不可辜负》
住在这里是一种很美妙的事情,是一种温馨舒适的感受!
愿有缘来住下的朋友,希望它为你带来一段独一无二的旅途体验｡
日韩小清新,典雅之余不失高贵｡
  清新淡雅的空气和休闲的气氛;让您感受城市不能体验的悠闲舒适;让心灵回归大自然更好地享受生活的乐趣｡","自驾游路线 (Website hidden by Airbnb) 广州:华南快速干线—京珠高速(北行)—佛冈出口右转5公里—碧桂园清泉 (Website hidden by Airbnb) 佛山:广佛高速公路—广州环城高速(北行)—华南快速干线—京珠高速(北行)—佛冈出口右转5公里—碧桂园清泉 (Website hidden by Airbnb) 深圳:广深高速—北二环—京珠高速(北行)—佛冈出口右转5公里—碧桂园清泉城 
佛冈清泉城美湖丽景度假酒店",,,,
[铭南]美容师之度假精装别墅,"https://www.airbnb.cn/rooms/20962894?s=lL8DwLxp&guests=1&adults=1
",整栋别墅,3个卫生间,6张床,4间卧室,最多住8人,888,1,"山顶之边,豪装欧之风,美的享受,全屋都是出自美容师之设计,齐全舒适,还有卡拉0k{下午2点到晚1O点},电烧烤也是不错的选择!做一顿也可以!","在山顶,近看山,远看屋顶!",需开车!,,,,
"【趣墅】清远佛冈碧桂园清泉城·泰自在半山温泉别墅|花园私家温泉泡池BBQ麻将厨房,近森波拉度假区","https://www.airbnb.cn/rooms/21112760?s=lL8DwLxp&guests=1&adults=1
",整栋别墅,5个卫生间,6张床,5间卧室,最多住10人,1880,1,"趣墅,全国领先的别墅度假品牌｡作为“趣味度假魔法师”的首倡者,我们希望为客人带来有趣而美好的度假体验｡无论是家庭度假､亲友聚会､公司欢聚,或是商务接待等,趣墅都能为你提供完美的度假地｡目前,趣墅已遍布华南热门旅游目的地,在线精品别墅超过1000栋,服务人次超过60万｡同时,趣墅也即将进驻三亚､杭州､成都､重庆等地,让更多人可以睡进有趣的度假别墅,躺进1000种理想生活里｡

清远佛冈碧桂园清泉城别墅,由碧桂园集团打造的大型度假新城,依山而建､全新装饰而成的私家别墅｡碧桂园·清泉城最大限度保留了地块原有的地形地貌,四周群山环抱,山色连绵｡别墅依山依势而筑,潺潺溪水蜿蜒其中,家家观景､户户亲水｡","【浈阳峡旅游小镇】位于清远英德市连江口镇北,是集旅游､住宿､餐饮､购物､会议､休闲娱乐为一体的多功能休闲度假区｡
【观音山王山寺】观音山为广东的八大名山之一,海拔1288米,是著名的佛教名山｡景区还有一系列的旅游项目｡
【上岳村】是一个有着720年历史的古村落｡它始建于宋代,于清朝达到鼎盛时期｡村内108座古民居掩卧在桔果树丛中,前塘后山的布局,蕴含着藏风纳水的寓意｡
【飞来峡】飞来峡风景区位于清远城上游20多公里的北江河段,是省级风景名胜区和旅游度假区,是道教第十九福地｡","佛冈碧桂园清泉城
广州出发:华南快速干线(或机场高速)---京珠高速(北行)---佛冈出口---右转沿106国道走5公里---碧桂园清泉城
佛山出发:北二环---京珠高速(北行)---佛冈出口---右转沿
106国道走5公里---碧桂园清泉城
东莞深圳出发:广深高速---北二环---京珠高速(北行)---佛冈出口---右转沿106国道走5公里---碧桂园清泉城",,,,
恒大别墅雅典娜景观露台家庭大套房,"https://www.airbnb.cn/rooms/21170155?s=lL8DwLxp&guests=1&adults=1
",整套联排别墅,1间卫生间,3张床,1间卧室,最多住4人,688,1,"在远山边别墅区里有情有趣有品味的小清新大房,坐拥大露台,星夜里可坐摇篮椅,数星星,赏花赏月赏天下美景｡在有优惠的季节,我会为尊贵的客人准备好产自于法国普罗旺斯的植物香薰｡在清新的香味中平和生活,调理身体机能,改善精神状态,既养生又健康,学懂享受生活,才懂得品味生活,并于生活中寻找生命的意义!","因为这里是生态城的别墅区是低密度住宅,比较清静优雅;自然生态环境好,空气清新, 鸟语花香｡","从福山别墅区大门出口,左转两百米就可到达恒大屋村巴士停车场｡在这里每天都有直达广州越秀公园和清远市清新区体育中心的巴士｡如果是自驾路线,从广州方向来,上清连高速,在龙颈出口下高速右转800米,即可到达恒大金碧天下｡",,,,
恒大金碧天下别墅爱琴海油画大床景观房,"https://www.airbnb.cn/rooms/21190831?s=lL8DwLxp&guests=1&adults=1
",联排别墅里的独立房间,1个独立卫生间,1张床,1间卧室,最多住2人,428,0,"位于别墅三层,内设两个大落地大景观窗户,可以一边喝茶一边欣赏窗外远山树林风景,旅行累了还可以泡泡澡,何其 惬意!","住在恒大生态旅游城最大的特点就是安静,空气清新环境优雅｡还有恒大物业的管家服务热情周到｡",如果在恒大金碧天下小区有穿梭的巴士是免费的｡如果在别墅区里面步行散步是最好的休闲和锻炼的方式｡如果要外出周边的旅游景区最好是有自驾车｡或者预约网约车｡,,,,
恒大金碧天下生态墅一楼富士山雅室,"https://www.airbnb.cn/rooms/21191056?s=lL8DwLxp&guests=1&adults=1
",联排别墅里的独立房间,1个独立卫生间,1张床,1间卧室,最多住2人,328,1,"安静舒适,干净清雅｡卫浴功能齐全,可淋浴可泡澡,让旅途更有如归家的亨受｡",,"当你入住我的别墅,您除自驾出行,之外,还可以选择乘坐小鸣共享单车,当然也可以自由散步｡如果您骑单车,只需要3分钟就可以到达恒大商业街,有跟你散步也许10分钟就可以到达恒大商业街进行购物或者,去品尝美食｡",,,,
恒大金碧生态墅松涛阁双卧室家庭大床套房,"https://www.airbnb.cn/rooms/21191317?s=lL8DwLxp&guests=1&adults=1
",联排别墅里的独立房间,1个独立卫生间,2张床,2间卧室,最多住4人,618,0,"位于别墅二层,南北通风,双大窗户,一房一厅一卫｡可加小床一张｡适合商务亲子家庭旅客居住｡",,,,,,
山泉山庄(豪华套房),"https://www.airbnb.cn/rooms/21304770?s=lL8DwLxp&guests=1&adults=1
",农家乐里的独立房间,1个独立卫生间,1张床,1间卧室,最多住2人,188,2,"别墅豪华装修,坐落在山脚下,小河边,世外桃园之处","位于山脚下,小河边","5分钟路程,山泉山庄免费停车",,,,
佛冈碧桂园清泉城妮妮亲子度假房,"https://www.airbnb.cn/rooms/21472995?s=lL8DwLxp&guests=1&adults=1
",整套公寓,1间卫生间,1张床,1间卧室,最多住3人,688,3,和宝宝来一次超真实扮家家酒吧,"森林度假区里的山景房,景观美丽,空气好｡","楼下有停车位｡1小时之内免费｡单次12小时内,3元封顶｡",,,,
[博雅居]温馨两房一厅 英西峰林/洞天仙境九龙小镇/老虎谷漂流,"https://www.airbnb.cn/rooms/21740363?s=lL8DwLxp&guests=1&adults=1
",整套公寓,1间卫生间,2张床,2间卧室,最多住5人,268,6,"•	房子是住宅公寓,地理位置优越位于(英西峰林)黄花镇中心地段｡周边汇集了黄花镇各类名小吃､餐馆､超市､菜市场､银行应有尽有,楼下就是公园并且有球场｡近黄花镇政府大楼｡交通便利,出门参观景点有:洞天仙境､老虎谷暗河漂流､小赵洲桥､彭家祠､有机茶场 ､绿道､九重天､九龙小镇等各大景点任您参观｡
•	不管是旅游还是出差,都是您的不二选择之地｡
•	公寓配置齐全,冰箱,电视,宽带,wifi,热水壶,二十四小时热水妥妥的,还可以自己做饭哦｡
•	现代简约与复古风格融合的主题公寓,房间整体干净整洁｡
•	这里能够让您感受到黄花小镇的慢节奏生活,何不带上你的亲密恋人及家人朋友在黄花小镇走一走呢｡","房子就在黄花镇政府背后,楼下有个叫盛和家私的,很好找｡","楼下可以免费停车｡小镇上的出行工具是面包车和摩托车以及过路的中巴,如要坐车的客人请联系我｡",,,,
文頭仔屋,"https://www.airbnb.cn/rooms/22040077?s=lL8DwLxp&guests=1&adults=1
",整套公寓,2个卫生间,5张床,3间卧室,最多住11人,1280,2,"本房子位于江湾云海酒店里面的一套｡3房一厅的房子｡
每个房间都有一张1.5的床以及一张1.2的床｡有一间套房｡还有一间房是子母床,有厨房｡
房间内有无线网络,有K房,自动麻将台,楼下有多个温泉池｡","广东省英德连江口云海江湾假日酒店
酒店离浈阳旅游景点小镇约3.2公里｡
酒店离风盛古寺约16.8公里",导航英德连江口江湾假日酒店,,,,
"广州北佛冈碧桂园秘密花园湖景房,观景､泡温泉､吃农家菜","https://www.airbnb.cn/rooms/22631577?s=lL8DwLxp&guests=1&adults=1
",度假村里的独立房间,1个独立卫生间,2张床,2间卧室,最多住4人,480,0,"广州后花园清远市佛冈县碧桂园清泉城,距离广州1个多小时车程,周末或小长假自驾游的自由栖息地｡房间为两房一厅湖景房,全新为度假人群打造,希望带给您一个美丽的假期｡",,,,,,
清远佛冈温泉度假别墅带泡池烧烤麻将KTV乒乓球四房13-1,"https://www.airbnb.cn/rooms/22712392?s=lL8DwLxp&guests=1&adults=1
",整栋别墅,3个卫生间,7张床,4间卧室,最多住12人,1080,0,"别墅独栋以欧式风格为主,简约温馨,配设齐全,厨房可做饭,wifi覆盖,内有大花园带温泉池､KTV房､麻将机等设施游玩,烧烤(提供电烤炉),团体活动等场地足够!
清泉城环境优美且舒适,空气质量足够好,清泉城内还有一个大的温泉区,此外附近还有森波拉温泉､稍远一点有龙门温泉,很适宜养生度假｡
周边配套丰富,有购物广场､步行商业街､佛冈县府广场里的运动设施､医院等,也是十分方便｡

出行信息 · 碧桂园清泉城离佛冈高速出口5公里,到佛冈镇中心也并不远,15-20分钟车程即到｡可自行驾车也可乘坐大巴｡

其他注意事项 · 为了避免给邻居带来骚扰,KTV房只能从下午三点开始到晚上十点结束｡
别墅内自带有温泉池,第一池是免费的,第二池起每池交200元｡
另外清泉城内的一个大温泉区需要购买门票才可进去｡",,,,,,
碧桂园清泉城鑫飞扬度假别墅,"https://www.airbnb.cn/rooms/22868709?s=lL8DwLxp&guests=1&adults=1
",整套房子,4个卫生间,7张床,4间卧室,最多住12人,1280,1,"鑫飞扬度假别墅是房东接待亲朋好友生意伙伴的私人会所,配有贴心管家诚意接待｡东南亚风格的装修,设施齐全,配备舒适的大床,星级酒店的干净布草,一客一换的卫生要求,阳光照进每一间屋子,让你在鸟鸣中自然醒来｡(选用爱惠浦净水､福气多玉石床､泰唐酒店床上用品)",,,,,,
高品号邮轮·欢乐今宵spa别墅7房12床,"https://www.airbnb.cn/rooms/23064443?s=lL8DwLxp&guests=1&adults=1
",整栋别墅,4个卫生间,12张床,7间卧室,16位及更多房客,2080,0,"清远高品会邮轮spa度假别墅位于清新区恒大生态城内,周围餐饮､娱乐､购物等生活配套齐全,出行便利｡
  别墅装饰以邮轮风格为主题,震撼视野,令人耳目一新;全新推出的大户型､双连幢,三连幢等超特大户型是高品会邮轮别墅一大卖点,适合公司拓展､品牌推广､同学会､大家庭组团;高品会邮轮spa别墅,彰显豪华典范,富丽堂皇,欧式风格与现代科技完美展现｡
  别墅每个房间带电视或电脑､或手机连接蓝牙的音晌系统｡大厅配置5.1声道DTS环绕音响;独立KTV房､蒸汽桑拿､别墅内设私家spa水疗恒温浴池,每客赠送spa水疗恒温浴一次,独立ktv房早上9时开放, 晚上23至24时关机｡

温馨提示:别墅内所有设施不收取任何费用! 全天候免费停车｡ 
欢乐今宵邮轮别墅地趾:广东清远市清新区清连高速往北首个出口右转500米恒大金碧天下福山九街62幢06",,,,,,
高品号邮轮·空中红馆k歌spa别墅8房16床,"https://www.airbnb.cn/rooms/23064717?s=lL8DwLxp&guests=1&adults=1
",整栋别墅,4个卫生间,16张床,8间卧室,16位及更多房客,2380,2,"清远高品会邮轮spa度假别墅位于清新区恒大生态城内,周围餐饮､娱乐､购物等生活配套齐全,出行便利｡
  别墅装饰以邮轮风格为主题,震撼视野,令人耳目一新;全新推出的大户型､双连幢,三连幢等超特大户型是高品会邮轮别墅一大卖点,适合公司拓展､品牌推广､同学会､大家庭组团;高品会邮轮spa别墅,彰显豪华典范,富丽堂皇,欧式风格与现代科技完美展现｡
  别墅每个房间带电视或电脑､或手机连接蓝牙的音晌系统｡大厅配置5.1声道DTS环绕音响;独立KTV房､蒸汽桑拿､别墅内设私家spa水疗恒温浴池,每客赠送spa水疗恒温浴一次,独立ktv房早上9时开放, 晚上23至24时关机｡

温馨提示:别墅内所有设施不收取任何费用! 全天候免费停车｡ 
空中红馆k歌邮轮别墅地趾:广东清远市清新区清连高速往北首个出口右转500米恒大金碧天下福山一街340幢05",,,,,,
高品号邮轮·空中歌剧院spa别墅10房18床,"https://www.airbnb.cn/rooms/23065695?s=lL8DwLxp&guests=1&adults=1
",整栋别墅,5个卫生间,18张床,10间卧室,16位及更多房客,2580,0,"清远高品会邮轮spa度假别墅位于清新区恒大生态城内,周围餐饮､娱乐､购物等生活配套齐全,出行便利｡
  别墅装饰以邮轮风格为主题,震撼视野,令人耳目一新;全新推出的大户型､双连幢,三连幢等超特大户型是高品会邮轮别墅一大卖点,适合公司拓展､品牌推广､同学会､大家庭组团;高品会邮轮spa别墅,彰显豪华典范,富丽堂皇,欧式风格与现代科技完美展现｡
  别墅每个房间带电视或电脑､或手机连接蓝牙的音晌系统｡大厅配置5.1声道DTS环绕音响;独立KTV房､蒸汽桑拿､别墅内设私家spa水疗恒温浴池,每客赠送spa水疗恒温浴一次,独立ktv房早上9时开放, 晚上23至24时关机｡

温馨提示:别墅内所有设施不收取任何费用! 全天候免费停车｡ 
空中歌剧院邮轮别墅地趾:广东清远市清新区清连高速往北首个出口右转500米恒大金碧天下福山三街14幢07",,,,,,
高品号邮轮·欢乐今宵双连幢spa别墅13房20床,"https://www.airbnb.cn/rooms/23066124?s=lL8DwLxp&guests=1&adults=1
",整栋别墅,8个卫生间,20张床,13间卧室,16位及更多房客,3660,0,"清远高品会邮轮spa度假别墅位于清新区恒大生态城内,周围餐饮､娱乐､购物等生活配套齐全,出行便利｡
  别墅装饰以邮轮风格为主题,震撼视野,令人耳目一新;全新推出的大户型､双连幢,三连幢等超特大户型是高品会邮轮别墅一大卖点,适合公司拓展､品牌推广､同学会､大家庭组团;高品会邮轮spa别墅,彰显豪华典范,富丽堂皇,欧式风格与现代科技完美展现｡
  别墅每个房间带电视或电脑､或手机连接蓝牙的音晌系统｡大厅配置5.1声道DTS环绕音响;独立KTV房､蒸汽桑拿､别墅内设私家spa水疗恒温浴池,每客赠送spa水疗恒温浴一次,独立ktv房早上9时开放, 晚上23至24时关机｡


温馨提示:别墅内所有设施不收取任何费用! 全天候免费停车｡ 
欢乐今宵连幢邮轮别墅2个独立ktv房､2个spa水疗恒温池､2个厨房､2个蒸汽桑拿房.
地趾:广东清远市清新区清连高速往北首个出口右转500米恒大金碧天下福山九街62幢06",,,,,,
高品号邮轮·欢乐今宵利舞台双连幢spa别墅15房26床,"https://www.airbnb.cn/rooms/23066407?s=lL8DwLxp&guests=1&adults=1
",整栋别墅,8个卫生间,26张床,15间卧室,16位及更多房客,4360,1,"清远高品会邮轮spa度假别墅位于清新区恒大生态城内,周围餐饮､娱乐､购物等生活配套齐全,出行便利｡
  别墅装饰以邮轮风格为主题,震撼视野,令人耳目一新;全新推出的大户型､双连幢,三连幢等超特大户型是高品会邮轮别墅一大卖点,适合公司拓展､品牌推广､同学会､大家庭组团;高品会邮轮spa别墅,彰显豪华典范,富丽堂皇,欧式风格与现代科技完美展现｡
  别墅每个房间带电视或电脑､或手机连接蓝牙的音晌系统｡大厅配置5.1声道DTS环绕音响;独立KTV房､蒸汽桑拿､别墅内设私家spa水疗恒温浴池,每客赠送spa水疗恒温浴一次,独立ktv房早上9时开放, 晚上23至24时关机｡

温馨提示:别墅内所有设施不收取任何费用! 全天候免费停车｡ 
欢乐今宵利舞台连幢邮轮别墅15房26床2个独立ktv房､2个spa水疗恒温池､2个厨房､2个蒸汽桑拿房.
地趾:广东清远市清新区清连高速往北首个出口右转500米恒大金碧天下
福山八街61幢01",,,,,,
高品号邮轮·欢乐今宵利舞台三连幢spa别墅21房34床,"https://www.airbnb.cn/rooms/23067183?s=lL8DwLxp&guests=1&adults=1
",整栋别墅,12个卫生间,34张床,21间卧室,16位及更多房客,5940,0,"清远高品会邮轮spa度假别墅位于清新区恒大生态城内,周围餐饮､娱乐､购物等生活配套齐全,出行便利｡
  别墅装饰以邮轮风格为主题,震撼视野,令人耳目一新;全新推出的大户型､双连幢,三连幢等超特大户型是高品会邮轮别墅一大卖点,适合公司拓展､品牌推广､同学会､大家庭组团;高品会邮轮spa别墅,彰显豪华典范,富丽堂皇,欧式风格与现代科技完美展现｡
  别墅每个房间带电视或电脑､或手机连接蓝牙的音晌系统｡大厅配置5.1声道DTS环绕音响;独立KTV房､蒸汽桑拿､别墅内设私家spa水疗恒温浴池,每客赠送spa水疗恒温浴一次,独立ktv房早上9时开放, 晚上23至24时关机｡

温馨提示:别墅内所有设施不收取任何费用! 全天候免费停车｡ 
欢乐今宵利舞台连幢邮轮别墅3个独立ktv房､3个spa水疗恒温池､3个厨房､3个蒸汽桑拿房.
地趾:广东清远市清新区清连高速往北首个出口右转500米恒大金碧天下
福山八街61幢01",,,,,,
佛冈清泉城之家,"https://www.airbnb.cn/rooms/23096066?s=lL8DwLxp&guests=1&adults=1
",整套房子,1间卫生间,2张床,2间卧室,最多住4人,500,1,"位于碧桂园清泉城度假区,房间2房1厅1卫大阳台, 小区内有绿道､公园等免费设施,有温泉♨️､农庄等,另周边有森波拉温泉､水上乐园､公园等,合适家庭､情侣､聚会人群","离县城约5公里,小区配套有超市",,,,,
清远佛冈温泉度假别墅望湖带私人泡池烧烤麻将KTV4房8-21,"https://www.airbnb.cn/rooms/23137025?s=lL8DwLxp&guests=1&adults=1
",整套房子,3个卫生间,8张床,4间卧室,最多住11人,1180,2,"别墅独栋以东南亚风格为主,环境好且舒适,厨房可做饭,Wi-Fi覆盖｡内有麻将,KTV,花园带私人泡池,提供电烤炉烧烤,活动场地足够!
•注意哦:为了避免给邻居带来骚扰,唱k时间最迟在晚上十点半以前结束｡
别墅内自带有温泉池,预订可免费赠送一池温泉水,第二池开始每池加200｡
•周边配套丰富,有购物广场,超市,商业街,医院等｡出碧桂园大道5分钟左右有一大片农庄,具有特色的臭屁醋,三斤鸡等推荐尝试哦~
碧桂园清泉城内有温泉谷,需买票｡附近有英伦小镇,都是一些欧式建筑,可以拍拍照~5分钟左右车程可达森波拉温泉,森波拉奇妙世界,稍远还有龙门温泉,金龟池｡
•走京广澳高速佛冈出口5公里直达碧桂园清泉城,到佛冈镇中心15-20分钟车程;也有专门大巴到达清泉城｡",,,,,,
清远佛冈温泉度假别墅带泡池麻将烧烤KTV4房17-22,"https://www.airbnb.cn/rooms/23138193?s=lL8DwLxp&guests=1&adults=1
",整栋别墅,3个卫生间,7张床,4间卧室,最多住11人,1080,1,"别墅独栋以欧式风格为主,简约温馨,配设齐全,厨房可做饭,wifi覆盖,内有大花园带温泉池､KTV房､乒乓球等设施游玩,烧烤(提供电烤炉),团体活动等场地足够!
清泉城环境优美且舒适,空气质量足够好,清泉城内还有一个大的温泉区,此外附近还有森波拉温泉､稍远一点有龙门温泉,很适宜养生度假｡
周边配套丰富,有购物广场､步行商业街､佛冈县府广场里的运动设施､医院等,也是十分方便｡

出行信息 · 碧桂园清泉城离佛冈高速出口5公里,到佛冈镇中心也并不远,15-20分钟车程即到｡可自行驾车也可乘坐大巴｡

其他注意事项 · 为了避免给邻居带来骚扰,KTV房只能从下午三点开始到晚上十点结束｡
别墅内自带有温泉池,第一池是免费的,若要加多一池,则交200元｡
另外清泉城内的一个大温泉区需要购买门票才可进去｡",,,,,,
清远佛冈温泉度假别墅带泡池乒乓球KTV5房2-32,"https://www.airbnb.cn/rooms/23152836?s=lL8DwLxp&guests=1&adults=1
",整栋别墅,1间卫生间,8张床,5间卧室,16位及更多房客,1480,0,"别墅独栋以东南亚风格为主,环境好且舒适,厨房可做饭,Wi-Fi覆盖｡内有麻将,KTV,花园带私人泡池,乒乓球,提供电烤炉烧烤,活动场地足够!
•注意哦:为了避免给邻居带来骚扰,唱k时间最迟在晚上十点半以前结束｡
别墅内自带有温泉池,预订可免费赠送一池温泉水,第二池开始每池加200｡
•周边配套丰富,有购物广场,超市,商业街,医院等｡出碧桂园大道5分钟左右有一大片农庄,具有特色的臭屁醋,三斤鸡等推荐尝试哦~
碧桂园清泉城内有温泉谷,需买票｡附近有英伦小镇,都是一些欧式建筑,可以拍拍照~5分钟左右车程可达森波拉温泉,森波拉奇妙世界,稍远还有龙门温泉,金龟池｡
•碧桂园清泉城离佛冈高速出口5公里,到佛冈镇中心15-20分钟车程;也有专门大巴到达清泉城｡","周边配套丰富,有购物广场,超市,商业街,医院等｡出碧桂园大道5分钟左右有一大片农庄,具有特色的臭屁醋,三斤鸡等推荐尝试哦~
碧桂园清泉城内有温泉谷,需买票｡附近有英伦小镇,都是一些欧式建筑,可以拍拍照~5分钟左右车程可达森波拉温泉,森波拉奇妙世界,稍远还有龙门温泉,金龟池｡","碧桂园清泉城离佛冈高速出口5公里,到佛冈镇中心15-20分钟车程;也有专门大巴到达清泉城｡别墅里可以放两台车,多于两台可以找位置安放哈",,,,
"清远恒大七房温泉豪华别墅近新银盏温泉､古龙峡玻璃大峡谷,配日式温泉池､独立KTV房､烧烤炉､电动麻将","https://www.airbnb.cn/rooms/23248092?s=lL8DwLxp&guests=1&adults=1
",整栋别墅,3.5个卫生间,10张床,7间卧室,最多住14人,900,14,"*七房十床280平方温泉双拼别墅!配日式私家人工温泉池､独立KTV房,豪华沙发!烧烤炉､电动麻将桌､厨房用具､名牌家私电器､免费WIFI一应俱全!免费停车!使用标准一次性洗漱用品!毛巾､床品一客一换!专属管家服务,专职阿姨清洁卫生!
*别墅位于清远市恒大世纪旅游城内,距离新银盏温泉20-30分钟车程,古龙峡玻璃大峡谷+国际漂流､清泉湾玻璃漂流+水上乐园､龙腾峡15分钟左右车程,英西峰林35-40分钟车程,清远市区20分钟的车程,广州市60分钟车程,深圳市120分钟车程!
*交通:别墅区有穿梭巴士,每天有楼巴往返广州市区越秀公园､清远市区清新体育馆,门口有公交车抵达清远市区!
*美食:清远恒大内有开心农场､恒大自助餐､美食中心东南西北各大美食;附近有田美农庄等农家菜!
*超市､市场:华润万家､美宜佳､购买烧烤食材的农贸市场!
*休闲娱乐:清远恒大饮食､娱乐､运动､商业､会议､健康中心,运动中心有真人CS对抗赛､恒温游泳池､桑拿房､健身房､单车､足球场､篮球场､网球场､羽毛球､桌球､乒乓球等运动设施｡有人工湖碰碰电动船;山顶公园､儿童滑滑梯､松鼠营､假山瀑布免费游玩｡娱乐中心有各种儿童设施","*别墅位于风景优美的清远市恒大世纪旅游城内,距离新银盏温泉20-30分钟车程,古龙峡玻璃大峡谷+国际漂流､清泉湾玻璃漂流+水上乐园､龙腾峡漂流15分钟左右车程,英西峰林35-40分钟车程,清远市区20分钟的车程,广州市60分钟车程,深圳市120分钟车程!*别墅区内有穿梭巴士,每天有楼巴往返广州市区越秀公园､清远市区清新体育馆,门口有公交车抵达清远市区,交通便利!附近景区还有笔架山森林瀑布4A风景区､太和古洞､牛鱼嘴风景区､玄真古洞､飞来湖湿地公园､金鸡岩､英西峰林､洞天仙境等!
*别墅周围绿树成荫､有人工湖泊,区内治安好,保安24小时巡视,山清水秀､林语花香､湖光山色､享大自然的负离子,远离都市喧嚣,享受这份独特的尘世美,为单位团建､家庭休闲､朋友出游的好去处!","别墅区内有穿梭巴士到清远恒大会议中心,每天有楼巴从清远恒大会议中心往返广州市区越秀公园､清远市区清新体育馆,门口有公交车抵达清远市区,交通便利!别墅区内停车免费,可停多辆车!",,,,
清远佛冈温泉带麻将近英伦小镇复式微墅2房,"https://www.airbnb.cn/rooms/23265798?s=lL8DwLxp&guests=1&adults=1
",整套公寓,1间卫生间,2张床,2间卧室,最多住4人,399,3,"微墅简约温馨,配设齐全,厨房可做饭,wifi覆盖,内有麻将机｡
位于英伦小镇,地方漂亮,足以带上伙伴一起拍照留念~清泉城环境优美且舒适,空气质量足够好,清泉城内还有一个大的温泉谷,此外附近还有森波拉温泉､稍远一点有龙门温泉,很适宜养生度假｡
周边配套丰富,有购物广场､步行商业街､佛冈县府广场里的运动设施､医院等,也是十分方便｡

出行信息 · 碧桂园清泉城离佛冈高速出口5公里,到佛冈镇中心也并不远,15-20分钟车程即到｡可自行驾车也可乘坐大巴｡

其他注意事项 · 清泉城内的一个大温泉区需要购买门票才可进去｡",,,,,,
清远佛冈温泉带泡池独立KTV麻将机独栋别墅4房1-11,"https://www.airbnb.cn/rooms/23284860?s=lL8DwLxp&guests=1&adults=1
",整栋别墅,3个卫生间,8张床,4间卧室,最多住12人,899,4,"别墅独栋以欧式风格为主,简约温馨,配设齐全,厨房可做饭,wifi覆盖,内有花园带温泉池､独立KTV房､麻将机等设施游玩,烧烤(提供电烤炉),团体活动等场地足够!
清泉城环境优美且舒适,空气质量足够好,清泉城内还有一个大的温泉区,此外附近还有森波拉温泉､稍远一点有龙门温泉,很适宜养生度假｡
周边配套丰富,有购物广场､步行商业街､佛冈县府广场里的运动设施､医院等,也是十分方便｡

出行信息 · 碧桂园清泉城离佛冈高速出口5公里,到佛冈镇中心也并不远,15-20分钟车程即到｡可自行驾车也可乘坐大巴｡

其他注意事项 · 为了避免给邻居带来骚扰,KTV房只能从下午三点开始到晚上十点结束｡
别墅内自带有温泉池,第一池是免费的,第二池起每池交200元｡
另外清泉城内的一个大温泉区需要购买门票才可进去｡",,,,,,
"清远恒大五房日式SPA别墅近新银盏温泉古龙峡玻璃大峡谷,配日式SPA浴､KTV设备､烧烤炉､电动麻将","https://www.airbnb.cn/rooms/23286790?s=lL8DwLxp&guests=1&adults=1
",整栋别墅,4个卫生间,6张床,5间卧室,最多住12人,900,10,"*别墅位于清远市恒大世纪旅游城内,距离新银盏温泉20-30分钟车程､古龙峡玻璃大峡谷+国际赛道漂流､清泉湾､黄腾峡漂流15-30分钟车程,清远市区20分钟的车程,广州市60分钟车程,深圳市120分钟车程!
*五房七床260平方豪华大别墅!别墅豪华装修,配高级KTV设备､烧烤炉､电动麻将桌､厨房用具､日式SPA按摩浴缸､名牌家私电器､免费WIFI一应俱全!免费停车!全部使用标准一次性洗漱用品!毛巾､床品一客一换!专属管家服务,专职阿姨清洁卫生!
*交通:别墅区内有穿梭巴士,每天有楼巴往返广州市区越秀公园､清远市区清新体育馆,门口有公交车抵达清远市区!
*美食:清远恒大小区内有开心农场､恒大酒店自助餐､美食中心东南西北各大美食;附近有田美农庄等各种农家菜｡
*超市､市场:华润万家､美宜佳､购买烧烤食材的农贸市场｡
*休闲娱乐:小区内清远恒大会议､饮食､娱乐､运动､健康､商业六大中心,运动中心有真人CS对抗赛､恒温游泳池､桑拿房､健身房､单车､足球场､篮球场､网球场､羽毛球､乒乓球等运动设施｡小区内有人工湖碰碰电动船;山顶公园､儿童滑滑梯､松鼠营､假山瀑布免费游玩｡娱乐中心有各种儿童设施!","*别墅位于风景优美的清远市恒大世纪旅游城内,距离新银盏温泉20-30分钟车程､古龙峡玻璃大峡谷+国际赛道漂流､清泉湾玻璃漂流+水上乐园､龙腾峡漂流15分钟左右车程,黄腾峡漂流20-30分钟车程,清远市区20分钟的车程,广州市60分钟车程,深圳市120分钟车程!
*别墅周围绿树成荫､有人工湖泊,区内治安好,保安24小时巡视,山清水秀､林语花香､湖光山色､享大自然的负离子,远离都市喧嚣,享受这份独特的尘世美,为单位团建､家庭休闲､朋友出游的好去处!","别墅区内有穿梭巴士到恒大会议中心,每天有楼巴从恒大会议中心往返广州市区越秀公园､清远市区清新体育馆,门口有公交车抵达古龙峡､清远市区,交通便利!别墅区内停车免费,可停多辆车!",,,,
英西别苑标准双人间,"https://www.airbnb.cn/rooms/23345713?s=lL8DwLxp&guests=1&adults=1
",农家乐里的独立房间,1间卫生间,2张床,1间卧室,最多住2人,180,0,"英西别苑占地面积约为一万平方米｡英西别苑集种植､养殖､旅游､度假､休闲､生态农业观光为一体,以“天然氧吧”“干净水源”“绿色食品”为三大主要特色,以餐饮､娱乐､休闲为载体,让客人享受清新自然､远离污染的高品质的生活为经营宗旨｡英西别苑位于英德黄花镇英西峰林走廊,置身绿色长廊独有的“天然氧吧”中,此处环境优雅､空气清新､设备齐全,“前院后店”的布局别具一格,提供了足够的娱乐空间｡",,"距离老虎谷暗河漂流起漂点约800米,距离九重天景点约2公里｡",,,,
清远英德江景温泉游泳度假式住宅--给你的云海江湾的美好度假生活,"https://www.airbnb.cn/rooms/23381311?s=lL8DwLxp&guests=1&adults=1
",整套公寓,2个卫生间,5张床,3间卧室,最多住6人,780,4,"【世界稀有碱泉】
主打温泉主题,楼下有二十多个不同功能温泉池(芦荟池,人参池,冰火池等)｡

【无边际泳池】
楼下有无边际游泳池,与连江风光融为一体｡还配有儿童游泳池哦｡

【私人温泉配套】
住宅入户花园配有私人温泉池;

【一线江景】
阳台和房间都能看到连江无敌一线江景;

【干净卫生】日常酒店式专人清洁卫生｡

【划重点】免费提供高级茶叶,茶具,自动麻将机,力求为住客提供优质的度假体验｡

住客还可以用屋里的自动麻将机搓搓麻将,绝对是一家大小度假的好地方哦

【自费须知】
室内温泉池和度假区配套设施请自选自费:
【室内温泉池水】约20元一池(按实际使用量收费)
【楼下温泉泳池套票】15元/人,1.2米以下小孩免票(仅供参考,以实际入住时度假区安排为准)",,,,,,
(森波拉奇妙世界旁4室豪华大床房)佛冈县碧桂园一剪梅度假公寓,"https://www.airbnb.cn/rooms/23399304?s=lL8DwLxp&guests=1&adults=1
",整套房子,2个卫生间,4张床,4间卧室,最多住8人,488,2,"可以整套租住,也可以选间租住(平日价每间168元/晚,同样可以享用公共区域)｡如果一家大小度假､或闺蜜知己聚会､同事团建活动等等,碧桂园清泉城一剪梅度假公寓是你的理想选择哟!佛冈碧桂园空气清新,环境宁静舒适,配套有高级的温泉度假乐园及游泳池,植物丰富的植物观赏园,及各大饮食娱乐的农家乐餐厅､超市等｡一剪梅度假公寓装修典雅舒适,给您香家一样温暖舒服的度假享受,远离大都市的喧嚣,享受片刻的慢生活.....

交通情况
佛冈碧桂园近邻广州北部,仅一个小时车程便可从广州到达这广州的后花园,交通方便,高速直达,京港澳高速佛冈出口后15分钟车程即可到达｡","苑区内有温泉､植物园､体育公园､登山道,小区绿树环抱､清新怡人,在这里您不用担心大都市的吵闹,物业管理安全有序,24小时保安巡视,让您住的安全放心,玩得休闲舒心｡","佛冈碧桂园近邻广州北部,仅一个小时车程便可从广州到达这广州的后花园,交通方便,高速直达,京港澳高速佛冈出口后15分钟车程即可到达｡如果你是坐车来的,在佛冈县城换乘碧桂园直通车､2路车､3路车可抵达｡其实,如果你来到佛冈汽车站或县城,提前联系我,我免费去接一下贵宾们也是可以的呦!",,,,
清远佛冈碧桂园清泉城微微温泉美墅带泡池KTV麻将烧烤,"https://www.airbnb.cn/rooms/23423221?s=lL8DwLxp&guests=1&adults=1
",整栋别墅,3个卫生间,5张床,4间卧室,最多住10人,889,12,"周末来我家吧!
这里是佛冈碧桂园清泉城｡
这里风景优美,空气清新,这里是世外桃源｡
放下工作,抛开烦恼,沉静心灵,放飞你的灵魂……

地址:广东省 清远市 佛冈县 碧桂园清泉城 林泉谷 一街 22号
交通指引:华南快速——京珠高速——佛冈收费站下,直行600米右转进入106国道,直行7公里到碧桂园清泉城,右转进入,直行2公里到的第一个小区即为林泉谷｡

房屋特色:
与清泉城其他别墅开发商自带装修不同,本套别墅原为毛坯房,由业主自己精心设计装修而成,中式风格,居家范围浓厚｡温泉泡池､K歌､烧烤设施配置齐全｡

家私配置高档｡配备了名牌家电､红木家具､真皮沙发､真皮床具､乳胶床垫等,深度契合碧桂园“给您一个五星级的家”理念｡

二楼精心设计了一个公主房套间,紫色墙面和蓝色弧形吊顶搭配,在灯带射灯的配合下,极具梦幻效果,满足每个女孩心中的公主梦｡","家庭氛围浓厚,适合亲子游,家庭聚会,同事朋友聚会,安静舒适干净","自驾出行,或者做小区楼巴",,,,
佛冈碧桂园温泉度假别墅6房10床+私家温泉池+超大私家花园+私家游泳池,"https://www.airbnb.cn/rooms/23442047?s=lL8DwLxp&guests=1&adults=1
",整套房子,4个卫生间,10张床,6间卧室,最多住15人,1680,1,"本别墅位于广东省清远市佛冈碧桂园清泉城内,酒店式经营管理,周边旅游资源丰富,聚集了森波拉奇妙世界､观音山风景区､聚龙湾度假区等旅游度假项目,是珠三角客户旅游度假天堂｡别墅内设有独立ktv影视厅､65寸超大电视､私家温泉､羽毛球､乒乓球､私家泳池(泳池冬天不开放)､电动麻将机､烧烤炉､厨房等设备｡独栋别墅,视野开阔,别墅四周群山环绕,景色优美 ,是一个休闲度假的首选地方｡",,,,,,
佛冈碧桂园清泉城5房7床温泉别墅+私家花园+烧烤+私家温泉,"https://www.airbnb.cn/rooms/23461709?s=lL8DwLxp&guests=1&adults=1
",整套房子,3.5个卫生间,7张床,5间卧室,最多住10人,1480,0,"别墅配有温泉池, KTV 设备,自动麻将､私家花园､私家温泉池,多功能厨房,茶几,乒乓球,桌球,烧烤炉等等｡清新的空气和休闲的气氛,让您感受城市不能体验的悠闲舒适,让心灵回归大自然,更好地感受生活的乐趣｡",,,,,,
浪漫满屋〔森波拉对面.佛冈奥园麻将大床房〕,"https://www.airbnb.cn/rooms/23537470?s=lL8DwLxp&guests=1&adults=1
",整套公寓,1间卫生间,1张床,1间卧室,最多住2人,188,0,"广东省清远市佛冈奥园公寓,位于县城东部,自驾在京港澳高速佛冈县出口,106国道北上3公里即可到达｡交通便捷,环境优雅,空气清新,依山傍水,无敌江景｡是大自然的氧吧｡附近有很多著名景点:对面有森波拉火山温泉度假区,环距离10公里左右有王山寺,观音山森林自然保护区,黄花湖,勤天城,上岳古民居等等,奥园公寓位于景点的中央位置,非常便捷｡公寓600米内有很多特色农庄,河对岸有私人活水游泳场,烧烤场｡我的公寓因为是房主直接出租,非中介,所以服务周到,价格实惠｡欢迎光临｡","这里依山傍水,空气清新,交通便捷,只用森波拉三分之一的价格,享受同等的住宿｡","这里距离广州约90公里｡在京港澳高速,佛冈出口,沿106国道北上3公里即可到达｡导航地址:广东省清远市佛冈县佛冈奥园公寓｡",,,,
佛冈碧桂园清泉城4房5床超豪华4房温泉度假别墅,"https://www.airbnb.cn/rooms/23552150?s=lL8DwLxp&guests=1&adults=1
",整栋别墅,3个卫生间,5张床,4间卧室,最多住7人,2788,0,"碧桂园•清泉城坐落于广州后花园清远佛冈羊角山风景区碧桂园清泉城云泉谷,坐北观南,拥有宽阔的自然景观｡
      度假别墅干净卫生,靠近优美的景色､由房东自营｡这是森林里的别墅来这里度假,吸醉氧,优于广州8倍的负离子为您洗去一周的疲惫,留住时光,静听时光的声音,阳光､空气､洗肺,给自己一个悠闲的五星级度假｡ 
  适合家庭度假,班级活动,朋友聚会,生日Party,客户接待等
【别墅内】:私家花园温泉泡池,烧烤､麻将､鱼池､小溪｡
【别墅区】温泉会所､绿道踩单车､植物园､草坪､无边泳池､儿童乐园､体育公园､钓鱼岛､水晶宫､英伦小镇､风情商业街､当地美食农庄等｡

全屋配备冷暖空调,管家接待,坚持卫生优先｡其中1张2米大床,1张1.8米大床,1张1.5米床､两张1.5米榻榻米床,标准入住人数7人,可临加沙发床

碧桂园清泉城距京珠高速出口5公里,交通便利,距广州市中心1小时车程｡

这里,有最干净的空气,最清澈的溪流,最灿烂的星空,和最美丽的风景｡",,,,,,
清远佛冈碧桂园古典韵味别墅,"https://www.airbnb.cn/rooms/23604073?s=lL8DwLxp&guests=1&adults=1
",农家房,4个卫生间,7张床,4间卧室,最多住12人,880,0,"房屋配有落地窗,屋顶露台｡KTV设备,品牌家电家具､五星级床品｡由房东亲自设计的轻奢主义风,无论是公私差旅还是亲朋小聚,都能感受到同样的温馨的体验,相信会给朋友们留下温馨美好的回忆!",,,,,,
"浪漫满屋〔佛冈奥园公寓,靠近森波拉.聚龙湾〕","https://www.airbnb.cn/rooms/23619227?s=lL8DwLxp&guests=1&adults=1
",整套酒店式公寓,1间卫生间,2张床,1间卧室,最多住2人,168,3,"1.佛冈奥园公寓,52平方,江景棋牌大床房,附近有森波拉,聚龙湾,王山寺,观音山等景点,小区管理,24小时保安巡逻｡
       2.环境优雅空气清新,无敌江景,有麻将机,给你的旅途增添乐趣｡
       3.交通便捷,5分钟路程到森波拉,5分钟路程到县城,距离京港澳高速3公里,位于佛冈所有旅游景点的中心位置｡
       4.环500米内有很多特色农庄,河对面有私人活水游泳场和烧烤场,游泳票约8--10元/人,烧烤炉约40元一个,可供十多个人玩｡
       5.因为我的房子是私人的,非中介,房主直接出租,所以价格比较实惠,干净安全卫生周到｡欢迎入住!祝您天天开心","1.佛冈奥园公寓,52平方,江景棋牌大床房,附近有森波拉,聚龙湾,王山寺,观音山等景点,小区管理,24小时保安巡逻｡
       2.环境优雅空气清新,无敌江景,有麻将机,给你的旅途增添乐趣｡
       3.交通便捷,5分钟路程到森波拉,5分钟路程到县城,距离京港澳高速3公里,位于佛冈所有旅游景点的中心位置｡
       4.环500米内有很多特色农庄,河对面有私人活水游泳场和烧烤场,游泳票约8--10元/人,烧烤炉约40元一个,可供十多个人玩｡
       5.因为我的房子是私人的,非中介,房主直接出租,所以价格比较实惠,干净安全卫生周到｡欢迎入住!祝您天天开心","京港澳高速佛冈县出口,沿106国道北上3公里即可到达佛冈奥园公寓｡导航地址:广东省清远市佛冈县佛冈奥园公寓",,,,
清远佛冈碧桂园清泉城【潮流】超大私家泳池/专业KTV房温泉别墅,"https://www.airbnb.cn/rooms/23686876?s=lL8DwLxp&guests=1&adults=1
",整套公寓,7.5个卫生间,14张床,8间卧室,16位及更多房客,2280,0,,,,,,,
山水间客栈203,"https://www.airbnb.cn/rooms/23731560?s=lL8DwLxp&guests=1&adults=1
",住宿加早餐里的独立房间,1个独立卫生间,1张床,1间卧室,最多住2人,128,0,"我的民宿在风景秀美的罗坑大草原黄屋村,四层楼的别墅坐落在幽静的稻田间,为全镇离水库大草原最近的独立庭院民宿,庭院占地约3000平方,拥有荷花池､游泳池(在建)､鱼池､无公害菜地､烧烤场､花园,可免费提供停车,欢迎家庭休闲出游及公司团建活动｡

民宿有九间房,可观水/观山/观田野/满足你的不同需求,每间带有大床(或上下铺)､独立卫浴及衣柜,提供24小时热水､空调､吹风机､无线Wi-Fi､棋牌､自助厨房间,另提供有偿餐饮服务,可提前预约,设有12人同时进餐的大餐桌｡
一楼设有喝茶休闲区,二楼与四楼有公共观景平台,可远眺湖光山色,三楼家庭套房私享观景台,房内面积约50平米,设有1.8米大床,可提供有偿加床｡

远离喧嚣的城市,在自然的村落中,悠然的环境里,舍下心中的杂念,闲看庭前花开花落,漫随天空云卷云舒,希望我的房子能让旅行中的你褪去疲惫,找到你想要的心灵归属｡",,,,,,
清远佛冈碧桂园玉石点缀别墅,"https://www.airbnb.cn/rooms/23847160?s=lL8DwLxp&guests=1&adults=1
",整套房子,4个卫生间,8张床,4间卧室,最多住12人,900,1,"房屋配有落地窗,屋顶露台｡KTV设备,品牌家电家具､五星级床品｡由房东亲自设计的轻奢主义风,无论是公私差旅还是亲朋小聚,都能感受到同样的温馨的体验,相信会给朋友们留下温馨美好的回忆!","清泉城环境优美且舒适,空气质量足够好,清泉城内还有一个大的温泉区,此外附近还有森波拉温泉､龙芽寺､稍远一点有聚龙湾温泉､田野绿世界､黄山寺等很适宜养生度假｡
周边配套丰富,有购物广场､儿童游乐设施､步行商业街､佛冈县府广场里的运动设施､医院等,也是十分方便｡","碧桂园清泉城离佛冈高速出口5公里,到佛冈县城中心也不远,15-20分钟车程即到｡可自行驾车也可乘坐大巴｡",,,,
清远佛冈碧桂园清泉城【潮流】独栋欧式私家泳池/独立专业KTV温泉别墅,"https://www.airbnb.cn/rooms/23884896?s=lL8DwLxp&guests=1&adults=1
",整套房子,5个卫生间,13张床,7间卧室,16位及更多房客,2180,0,"房源简介 (可入住15—26人), 拥有独立的KTV房,300方大花园,大露台可供观赏清泉城美景｡ 别墅设备齐全:全新家电､独立KTV房､烧烤､自动麻将机､乒乓球台､私人超大游泳池､私家温泉泡池等,厨房可煮饭, 适合:家庭度假､朋友聚会､生日Party､班级活动､公司团体活动､客户接待等｡
周边描述",佛冈碧桂园清泉城,自驾车,,,,
碧桂园(潮流)豪华落地玻璃KTV泳池温泉别墅,"https://www.airbnb.cn/rooms/23885459?s=lL8DwLxp&guests=1&adults=1
",整栋别墅,3.5个卫生间,11张床,6间卧室,16位及更多房客,1380,0,"碧桂园清泉城】坐落于佛冈,山水环境得天独厚,背靠3万亩羊角山森林国家公园,空气净化指数是广州市区的8倍,楼盘周边餐饮､娱乐一应俱全｡绿道单车､儿童乐园､温泉会所､风情商业街､美食农庄样样具备｡
别墅设备齐全:自助厨房､全新家电､投屏KTV､烧烤､自动麻将机､乒乓球､桌球､私家游泳池､私人温泉池等｡ 适合:家庭度假､朋友聚会､生日Party､班级活动､公司团体活动､客户接待等｡",,,,,,
上海人家客栈,"https://www.airbnb.cn/rooms/24037165?s=lL8DwLxp&guests=1&adults=1
",精品酒店内的房间,8个独立卫生间,12张床,8间卧室,16位及更多房客,1088,1,"英德浈阳峡旅游小镇,上海人家客栈,接受家庭聚会,亲朋好友聚餐,客栈有8间客房,4间1.8米大床房,2间双1.5米双床房,2间标双人方,4楼玻璃天花,躺下都可以欣赏星空,客房內还提供免费自动麻将,一楼餐厅中餐厅,提供超大厨房,餐具一应具全,可以一展你的厨艺,提供自助烧烤炉(食材自备,也可以提前联系我,本姑娘可亲自到村民家挑选无公害绿色食品,价格另计,姑娘只帮忙买,不赚差价),浈阳峡旅游小镇,上海客栈欢迎您随时入住!",,,,,,
清远碧桂园清泉城【潮流】4房中式精致温泉别墅,"https://www.airbnb.cn/rooms/24047020?s=lL8DwLxp&guests=1&adults=1
",整栋别墅,3个卫生间,7张床,4间卧室,16位及更多房客,980,0,别墅设备齐全:自助厨房､全新家电､KTV､烧烤､自动麻将机､私人温泉池､乒乓球｡ 适合:家庭度假､朋友聚会､生日Party､班级活动､公司团体活动､客户接待等｡,,,,,,
清远佛冈【潮流】5房9床私家泳池KTV度假温泉别墅,"https://www.airbnb.cn/rooms/24047363?s=lL8DwLxp&guests=1&adults=1
",整栋别墅,4个卫生间,9张床,5间卧室,16位及更多房客,1480,0,别墅设备齐全:自助厨房､全新家电､独立KTV包间､韩式电烧烤炉､自动麻将机､乒乓球､私家游泳池､私人温泉池等｡ 适合:家庭度假､朋友聚会､生日Party､班级活动､公司团体活动､客户接待等｡,,,,,,
清远佛冈【潮流】5房9床望湖泳池KTV度假别墅,"https://www.airbnb.cn/rooms/24047487?s=lL8DwLxp&guests=1&adults=1
",整栋别墅,4个卫生间,9张床,5间卧室,16位及更多房客,1480,0,别墅设备齐全:自助厨房､全新家电､独立KTV包间､韩式电烧烤炉､自动麻将机､乒乓球､私家游泳池､私人温泉池等｡ 适合:家庭度假､朋友聚会､生日Party､班级活动､公司团体活动､客户接待等｡,,,,,,
清远佛冈碧桂园【潮流】田园风格5房8床温泉KTV度假别墅,"https://www.airbnb.cn/rooms/24047603?s=lL8DwLxp&guests=1&adults=1
",整栋别墅,4个卫生间,8张床,5间卧室,最多住13人,1180,0,别墅设备齐全:自助厨房､全新家电､独立KTV包间､韩式电烧烤炉､自动麻将机､私人温泉池等｡ 适合:家庭度假､朋友聚会､生日Party､班级活动､公司团体活动､客户接待等｡,"【碧桂园清泉城】坐落于佛冈,山水环境得天独厚,背靠3万亩羊角山森林国家公园,空气净化指数是广州市区的8倍,楼盘周边餐饮､娱乐一应俱全｡绿道单车､儿童乐园､温泉会所､风情商业街､美食农庄样样具备｡",,,,,
(两房两厅)佛冈碧桂园温馨舒适公寓,"https://www.airbnb.cn/rooms/24051385?s=lL8DwLxp&guests=1&adults=1
",整套房子,1间卫生间,2张床,2间卧室,最多住4人,318,3,"两房两厅一厨一卫､户外大阳台,冰箱､洗衣机､厨具餐具齐备,苑区有温泉､植物园､体育公园､游乐园､登山跑道等等｡交通便利,京港澳高速佛冈出口5公里｡周边旅游景点有森波拉､田野绿世界､观音山王山寺､羊角山度假区等等｡","这里空气清新,环境宁静舒适,配套有高级的温泉度假乐园及游泳池,植物丰富的植物观赏园,及各大饮食娱乐的农家乐餐厅､超市等｡公寓装修典雅舒适,给您香家一样温暖舒服的度假享受,远离大都市的喧嚣,享受片刻的慢生活.....","有2路､3路公交车穿梭于苑区门口,出租车方便｡",,,,
佛冈碧桂园清泉城LOFT山居亲子度假房,"https://www.airbnb.cn/rooms/24057919?s=lL8DwLxp&guests=1&adults=1
",整套公寓,1间卫生间,2张床,2间卧室,最多住4人,399,4,温泉小镇里的山居微墅,,,,,,
清远佛冈碧桂园落地窗欧式豪华别墅(双温泉泡池､独立KTV包间､私家泳池､娱乐度假聚会),"https://www.airbnb.cn/rooms/24067722?s=lL8DwLxp&guests=1&adults=1
",整栋别墅,4个卫生间,11张床,6间卧室,16位及更多房客,1880,0,"配套设施有:
1,厨房(电饭煲/个､电磁炉/个､冰箱,通煤气可做饭,食物､调味料碗筷需自备,厨具齐全)
2,独立KTV(限时:使用时间为下午14点至晚上22点)
3,露天大温泉池､私家游泳池(入住别墅免费送一池温泉水和一池游泳水,如需加池收费200元/池,注明:游泳池冬天不开放)
4,乒乓球､桌球､自动麻将､Wifi,3D电视,韩式电烤炉提供｡",,,,,,
清远佛冈碧桂园(潮流)5房9床雅致温泉别墅【带KTV､私家温泉､麻将､桌球】轰趴,"https://www.airbnb.cn/rooms/24067963?s=lL8DwLxp&guests=1&adults=1
",整栋别墅,4个卫生间,9张床,5间卧室,最多住12人,1480,0,"配套设施有:
1,厨房(电饭煲/个､电磁炉/个､冰箱,煤气炉可做饭,食物､调味料碗筷需自备,厨具齐全)
2,独立投屏KTV(限时:使用时间为下午14点至晚上22点)
3,露天大温泉池､(入住别墅免费送一池温泉水,如需加池收费200元/池)
4,桌球､自动麻将､Wifi,电视,韩式电烤炉提供",,,,,,
清远佛冈温泉度假望湖独栋别墅派对好去处(4房8023),"https://www.airbnb.cn/rooms/24116160?s=lL8DwLxp&guests=1&adults=1
",整栋别墅,2个卫生间,5张床,4间卧室,最多住9人,999,0,"别墅独栋以东南亚风格为主,环境好且舒适,厨房可做饭,Wi-Fi覆盖｡内有麻将,KTV,花园带私人泡池,提供电烤炉烧烤,活动场地足够!
•注意哦:为了避免给邻居带来骚扰,唱k时间最迟在晚上十点半以前结束｡
别墅内自带有温泉池,预订可免费赠送一池温泉水,第二池开始每池加200｡
•周边配套丰富,有购物广场,超市,商业街,医院等｡出碧桂园大道5分钟左右有一大片农庄,具有特色的臭屁醋,三斤鸡等推荐尝试哦~
碧桂园清泉城内有温泉谷,需买票｡附近有英伦小镇,都是一些欧式建筑,可以拍拍照~5分钟左右车程可达森波拉温泉,森波拉奇妙世界,稍远还有龙门温泉,金龟池｡
•走京广澳高速佛冈出口5公里直达碧桂园清泉城,到佛冈镇中心15-20分钟车程;也有专门大巴到达清泉城｡",,,,,,
【随地游】佛冈碧桂园清泉城4房温泉别墅·烧烤KTV桌球等娱乐,"https://www.airbnb.cn/rooms/24124355?s=lL8DwLxp&guests=1&adults=1
",整栋别墅,3个卫生间,7张床,4间卧室,最多住9人,999,0,"别墅风格有多套,入住以实际安排为准｡
提供多种设施:厨房(食物､调味料､一次性碗筷需自备), KTV ;带自动麻将机;桌球台;兵乓球台,大型后花园,独立温泉泡池;电烧烤(我们有电烤炉提供,不能碳火烧烤,不能私自搬动烧烤炉到室内烧烤,否则罚款)｡",,,,,,
佛冈县碧桂园畅游别墅4房,"https://www.airbnb.cn/rooms/24131653?s=lL8DwLxp&guests=1&adults=1
",整套房子,3个卫生间,6张床,4间卧室,最多住10人,1580,0,这个房子经过改造成为欧式的风格｡解决卫生干净｡户外的发园宽阔｡,有一个很温馨的家感觉｡,"自驾游｡京珠高速佛冈出口｡右拐6公里｡广州到佛岗县城,有大巴直达到县城｡",,,,
佛冈碧桂园清泉城美居3房公寓,"https://www.airbnb.cn/rooms/24146810?s=lL8DwLxp&guests=1&adults=1
",整套酒店式公寓,1间卫生间,3张床,3间卧室,最多住5人,500,0,"碧桂园•清泉城坐落于广州后花园清远佛冈羊角山风景区碧桂园清泉城云泉谷,坐北观南,拥有宽阔的自然景观｡      度假别墅干净卫生,靠近优美的景色､由房东自营｡这是森林里的别墅来这里度假,吸醉氧,优于广州8倍的负离子为您洗去一周的疲惫,留住时光,静听时光的声音,阳光､空气､洗肺,给自己一个悠闲的五星级度假｡   【别墅区】温泉会所､绿道踩单车､植物园､草坪､无边泳池､儿童乐园､体育公园､钓鱼岛､水晶宫､英伦小镇､风情商业街､当地美食农庄等｡全屋配备冷暖空调,管家接待,坚持卫生优先｡其中1张1.8米大床,1张1.5米大床,1张1.2米床,标准入住人数5人,可临加沙发床碧桂园清泉城距京珠高速出口5公里,交通便利,距广州市中心1小时车程｡这里,有最干净的空气,最清澈的溪流,最灿烂的星空,和最美丽的风景｡",,,,,,
清远佛冈碧桂园蜗牛温泉度假别墅,"https://www.airbnb.cn/rooms/24162435?s=lL8DwLxp&guests=1&adults=1
",别墅里的独立房间,3个独立卫生间,7张床,4间卧室,最多住12人,1680,0,"独东私家温泉别墅屹立在云泉谷山腰中,内 设有私家温泉池,麻将,KTV,烧烤等娱乐设施,",,,,,,
佛岗碧桂园美式独栋别墅,"https://www.airbnb.cn/rooms/24259890?s=lL8DwLxp&guests=1&adults=1
",整栋别墅,3个卫生间,7张床,4间卧室,最多住4人,1980,0,"美式风格独栋别墅内设KTV,烧烤,私家温泉池,麻将,厨具齐全",佛冈县碧桂园清泉城内,,,,,
佛冈碧桂园7房豪华轰趴温泉度假别墅带温泉池泳池麻将桌烧烤KTV,"https://www.airbnb.cn/rooms/24434813?s=lL8DwLxp&guests=1&adults=1
",整栋别墅,3个卫生间,11张床,7间卧室,16位及更多房客,988,1,"一楼:一间1.5大床房,一间1.8大床房,独立投影KTV(或会议室)
二楼:8米中空客厅,饭厅,厨房,桌球,温泉池,泳池,入户花园,休闲观景台,公卫
三楼:房中房两房互通(一间1.5米三床房,一间1.8米大床房)房
四楼:一间1.5双床房(独卫),一间1.5米双床房,一间1.8米大床房,公卫｡
配套设施有:1,厨房(电饭煲/个､电磁炉/个､冰箱,通煤气可做饭,食物､调味料碗筷需自备,厨具齐全)2,独立KTV(限时:使用时间为下午14点至晚上22点半)3,露天大温泉池､私家游泳池(入住别墅免费送一池温泉水,使用泳池加收300,如需加池收费200元/池,注明:游泳池冬天不开放)",,,,,,
佛冈碧桂园7房豪华轰趴温泉度假别墅带温泉池麻将桌烧烤KTV,"https://www.airbnb.cn/rooms/24458042?s=lL8DwLxp&guests=1&adults=1
",整栋别墅,5个卫生间,13张床,7间卧室,16位及更多房客,1380,1,"此别墅为碧桂园样板房,装修300多万,家私摆设贵重,请游客务必慎重使用｡别墅7房13床,一楼车库,一个1.2米双床房,一个独立投影KTV,一个公用洗手间带淋浴.二楼8米中空大厅,饭厅,厨房,一个公用洗手间带淋浴,后花园温泉池,一个1.5单床房｡三楼一间超大房中房(一间1.8米双床房,一间1.2米双床房,一个公用洗手间带淋浴),四楼三间1.2米双床房,其中包含一个套房(带独立卫生间),一个公用洗手间带淋浴｡超大观景露台｡ 注意,别墅禁止明火烧烤
别墅四周群山环抱,景色优美,周边聚集了森波拉森林公园､观音山省级景区､羊角山､田野绿世界等旅游度假项目",,,,,,
碧桂园·清泉城C+温泉度假别墅(配套古典中式家具),"https://www.airbnb.cn/rooms/24478661?s=lL8DwLxp&guests=1&adults=1
",整栋别墅,3个卫生间,12张床,5间卧室,最多住14人,1500,0,"房源配套都是古典中式实木家具,高档黑檀木,需要房客爱护使用｡
1.独立套房x3
2.双人房x2
3.提供加床(沙发床)
4.配有自动麻将桌
5.配有ktv
6.星空私人温泉池 
7.提供户外烧烤工具以及休闲沙发
8.园区内拥有体育公园,儿童乐园
9.碧桂园凤凰温泉酒店(温泉需自费)",,,,,,
佛冈碧桂园清泉城豪华欧式温泉别墅,"https://www.airbnb.cn/rooms/24480467?s=lL8DwLxp&guests=1&adults=1
",整栋别墅,4个卫生间,11张床,6间卧室,16位及更多房客,1880,1,"配套设施有:
1,厨房(电饭煲/个,电磁炉/个,冰箱,通煤气可做饭,食物､调味料碗筷需自备,厨具齐全)
2,独立KTV(限时:使用时间为下午14点至晚上22点半)
3,露天大温泉池､私家游泳池(入住别墅免费送一池温泉水和一池游泳水,如需加池收费200元/池,注明:游泳池冬天不开放)
4,桌球､自动麻将､Wifi,3D电视,有韩式电烧烤炉提供",,,,,,
"碧湖小筑,集装箱改造的亲水房屋,非一般的野外住宿体验","https://www.airbnb.cn/rooms/24530565?s=lL8DwLxp&guests=1&adults=1
",农家房,1.5个卫生间,4张床,3间卧室,最多住6人,680,2,"整栋房屋是建在麻冲水库边上,用集装箱改造的度假别墅｡鸟语花香,风景秀丽,拥有30亩的果树林和40亩的鱼塘｡您足不出户就可以在客厅的阳台上垂钓,在房外的湖上泛舟,在门口的小溪边烧烤,用原始的柴火灶野炊,沿着湖边的小径寻找萤火虫,在露台观赏夜空的星星,聆听虫叫和蛙声｡","房子3面被青山环绕,旁边是麻冲水库,后面是30亩的果园,放眼望去,四周开阔｡门外小桥流水,鸟语花香,是悠闲养生的好地方｡","房子位于麻冲水库边上,离英德市区､英红考场､金泉古寺､观音岩5分钟车程,宝晶宫､茶语温泉､天鹅湖､乐广高速,英德西高铁站和英德火车站约15分钟车程,离积庆里红茶谷､英红茶世界､仙河地下河､云水谣､奇洞温泉等景点都是在30分钟车程以内｡附近公共交通不方便,建议自驾或者打车过来｡附近的农庄有绿野仙踪农庄､四季春农庄､陈记泥焗鸡都是1分钟车程以内的｡",,,,
"清远恒大四房温泉别墅近新银盏温泉､古龙峡玻璃大峡谷,配日式温泉池､高级KTV设备､烧烤炉､电动麻将","https://www.airbnb.cn/rooms/24634749?s=lL8DwLxp&guests=1&adults=1
",整栋别墅,3个卫生间,6张床,4间卧室,最多住10人,1150,12,"*四房六床250平方温泉别墅!别墅内配日式私家人工温泉池､高级KTV设备､烧烤炉､电动麻将桌､厨房用具､名牌家私电器､免费WIFI一应俱全!免费停车!全部使用标准一次性洗漱用品!毛巾､床品一客一换!专属管家服务,专职阿姨清洁卫生!
*别墅位于清远市恒大世纪旅游城内,距离新银盏温泉20-30分钟车程,古龙峡玻璃大峡谷+国际漂流､清泉湾玻璃漂流+水上乐园､龙腾峡15分钟左右车程,英西峰林35-40分钟车程,清远市区20分钟的车程,广州市60分钟车程,深圳市120分钟车程!
*交通:别墅区有穿梭巴士,每天有楼巴往返广州市区越秀公园､清远市区清新体育馆,门口有公交车抵达清远市区!
*美食:清远恒大内有开心农场､恒大自助餐､美食中心东南西北各大美食;附近有田美农庄等农家菜!
*超市､市场:华润万家､美宜佳､购买烧烤食材的农贸市场!
*休闲娱乐:清远恒大饮食､娱乐､运动､商业､会议､健康中心,运动中心有真人CS对抗赛､恒温游泳池､桑拿房､健身房､单车､足球场､篮球场､网球场､羽毛球､桌球､乒乓球等运动设施｡有人工湖碰碰电动船;山顶公园､儿童滑滑梯､松鼠营､假山瀑布免费游玩｡娱乐中心有各种儿童设施!","*别墅位于风景优美的清远市恒大世纪旅游城内,距离新银盏温泉20-30分钟车程,古龙峡玻璃大峡谷+国际漂流､清泉湾玻璃漂流+水上乐园､龙腾峡漂流15分钟左右车程,英西峰林35-40分钟车程,清远市区20分钟的车程,广州市60分钟车程,深圳市120分钟车程!*别墅区内有穿梭巴士,每天有楼巴往返广州市区越秀公园､清远市区清新体育馆,门口有公交车抵达清远市区,交通便利!附近景区还有笔架山森林瀑布4A风景区､太和古洞､牛鱼嘴风景区､玄真古洞､飞来湖湿地公园､金鸡岩､英西峰林､洞天仙境等!
*别墅周围绿树成荫､有人工湖泊,区内治安好,保安24小时巡视,山清水秀､林语花香､湖光山色､享大自然的负离子,远离都市喧嚣,享受这份独特的尘世美,为单位团建､家庭休闲､朋友出游的好去处!","别墅区内有穿梭巴士到清远恒大会议中心,每天有楼巴从清远恒大会议中心往返广州市区越秀公园､清远市区清新体育馆,门口有公交车抵达清远市区,交通便利!别墅区内停车免费,可停多辆车!",,,,
佛冈碧桂园四房七床欧式别墅,"https://www.airbnb.cn/rooms/24644231?s=lL8DwLxp&guests=1&adults=1
",别墅里的独立房间,3个独立卫生间,7张床,4间卧室,最多住10人,3680,3,"欧式别墅,里面设置配备泡温泉,麻将,烧烤,乒乓球,KTV",,自驾游,,,,
英德连江口镇豪华江景公寓三房两厅,"https://www.airbnb.cn/rooms/24665955?s=lL8DwLxp&guests=1&adults=1
",整套酒店式公寓,2个卫生间,5张床,3间卧室,最多住6人,680,2,"如果您一家六口或三五好友一起出游连江口镇这个美丽的地方且被美景吸引而流连忘返需要停留此地休息一晚时,那你就一定不能错过这个环境优美､住宿舒适､服务周到的地方了｡

【亮点一:空间】
 三房两厅一厨房一独卫两阳台(其中一套为套房,配有卫浴)

【亮点二:设施】
1.厨房配备齐全的厨具及冰箱,可免费提供给房客使用｡
2.饭厅配有自动麻将机,大家旅游休息之余还可以互相切磋一下功力哦｡

【亮点三:风景】
一阳台可观赏无限江景,适合闲暇时光跟家人朋友一起观赏北江风景,舒适怡人,另一阳台可观赏无限山景及穿梭的火车,晚上火车穿梭往来,往往会勾起人们的思乡之情｡我们每个房间都可观赏江景或山景,环境优美,住宿舒适｡

【特别提示】
1.希望各位房客可以注意清洁卫生,特别是对厨房用具的使用｡

2.公司规定楼下游泳及温泉需自费购票进入(具体收费按实际入住时度假区安排为准)｡

3.关于房子内自带的温泉池,一池水约30元(按实际使用量收费)｡

4.房主和蔼可亲,房源性价比高｡非常期待您的到来｡感恩每一位客人对我们的选择和信任｡",,可以直接导航至“英德市连江口镇云海江湾假日酒店”即可进入｡,,,,
波罗镇民宿,"https://www.airbnb.cn/rooms/24681212?s=lL8DwLxp&guests=1&adults=1
",住宿加早餐里的独立房间,2个独立卫生间,6张床,4间卧室,最多住10人,88,0,"空调风扇,位置街道上中心,交通便利｡停车方便｡","波罗镇街道中心位置,镇政府旁边",使用地图导航软件导航至波罗镇政府即可,,,,
罗坑大草原精品民宿一号驿站田园牧歌亲水房,"https://www.airbnb.cn/rooms/24726591?s=lL8DwLxp&guests=1&adults=1
",别墅里的独立房间,1个独立卫生间,1张床,1间卧室,最多住2人,188,0,"我的民宿在风景秀美的罗坑大草原黄屋村,四层楼的别墅坐落在幽静的稻田间,为全镇离水库大草原最近的独立庭院民宿,庭院占地约3000平方,拥有荷花池､游泳池(在建)､鱼池､无公害菜地､烧烤场､花园,可免费提供停车,欢迎家庭休闲出游及公司团建活动｡

民宿有九间房,可观水/观山/观田野/满足你的不同需求,每间带有大床(或上下铺)､独立卫浴及衣柜,提供24小时热水､空调､吹风机､无线Wi-Fi､棋牌､自助厨房间,另提供有偿餐饮服务,可提前预约,设有12人同时进餐的大餐桌｡
一楼设有喝茶休闲区,二楼与四楼有公共观景平台,可远眺湖光山色,三楼家庭套房私享观景台,房内面积约50平米,设有1.8米大床,可提供有偿加床｡

远离喧嚣的城市,在自然的村落中,悠然的环境里,舍下心中的杂念,闲看庭前花开花落,漫随天空云卷云舒,希望我的房子能让旅行中的你褪去疲惫,找到你想要的心灵归属｡",罗坑大草原,"导航罗坑黄屋村,内含停车场",,,,
佛冈雅悦公寓,"https://www.airbnb.cn/rooms/24749532?s=lL8DwLxp&guests=1&adults=1
",整套酒店式公寓,1间卫生间,1张床,单间公寓,最多住2人,138,0,"佛冈雅悦公寓给你舒适无忧的服务,健康生活,全程打理",,,,,,
清远佛冈清泉城养生私家温泉麻将烧烤KTV儿童乐园聚会别墅,"https://www.airbnb.cn/rooms/24835888?s=lL8DwLxp&guests=1&adults=1
",整栋别墅,3个卫生间,6张床,4间卧室,最多住11人,999,11,"房屋介绍:
    清远佛冈碧桂园清泉城环境清新,拥有高达90%的植被,呼吸的每一口都是负离子｡
    本墅院子方正,院内可宽松停放3辆车,墅周边监控全覆盖,让您安全无忧!
    墅内格局方正!大气有感!整个假期宽敞舒适!由房东亲自设计的简约实木风,有别都市气息､不浮不躁､不炫目的内敛品质尽收眼底｡
    墅内中空大厅､全景落地豪窗､舞台音效级KTV､自动麻将桌､室内休闲吊篮,院内私家泡池､电烧烤盘､户外休闲聚会桌椅､小型儿童游乐场等一应俱全,老少皆宜､各取所需｡
   四房六床三卫格局分布:
二楼主卧 1.8米床1张带卫生间
二楼次卧 1.5米床2张带卫生间
一楼主卧 1.5米床1张 1.2米床1张
一楼次卧 1.5米床1张
三间都是家庭房的配备,对于家庭亲子出行的小伙伴们更为方便!
可定制亲子套间(目前是 (Hidden by Airbnb) 佩奇系列),亲子套间包括卡通床品､卡通玩偶､卡通浴巾､卡通拖鞋､积木架､儿童帐篷等(详情请个别咨询)!
    厨房已带全套常用炊具､餐具,方便小伙伴们自己烹饪美食!
    碧桂园区内自带温泉酒店度假村､植物园､儿童乐园､会所､餐厅､万田超市､英伦小镇､网球场等等","清远佛冈碧桂园清泉城环境清新,拥有高达90%的植被,呼吸的每一口都是负离子","交通指南 
导航搜索地点:碧桂园清泉城
地址:清远市佛冈县碧桂园清泉城温泉度假别墅
 
从广州出发:
华南快速干线￫京珠高速￫佛冈出口￫碧桂园清泉城
另:从广州天河有清泉城楼巴往返
从深圳出发:
深圳市区￫广深高速￫北二环￫京珠高速￫佛冈出口￫碧桂园清泉城
 
公交客运班车搭乘路线:
    从本城市坐客运大巴到佛冈客运站,佛冈客运站离清泉城距离6.4公里,搭出租车大约20元｡
    从佛冈银座有往返碧桂园清泉城的交通车",,,,
探索自然居1,"https://www.airbnb.cn/rooms/24900841?s=lL8DwLxp&guests=1&adults=1
",酒店式公寓里的独立房间,1个独立卫生间,2张床,1间卧室,最多住1人,150,0,"干净卫生,宾馆设置",,,,,,
都市驿家,"https://www.airbnb.cn/rooms/25035500?s=lL8DwLxp&guests=1&adults=1
",整套公寓,2个卫生间,4张床,4间卧室,最多住8人,528,0,"房子装修精致,环境优雅,交通便利,依山傍水,小区里有游泳池","在市中心,附近有娱乐场所,超市,饭店,附近有龙山公园和滨江公园,小区内鸟语花香｡","出行很方便,18路公交车从周边经过｡",,,,
清远佛冈温泉欧式豪华带泳池乒乓球桌球投影ktv别墅7房(19-8),"https://www.airbnb.cn/rooms/25085527?s=lL8DwLxp&guests=1&adults=1
",整栋别墅,4个卫生间,13张床,7间卧室,16位及更多房客,1780,2,"别墅独栋以欧式豪华风格为主,环境好且舒适,厨房可做饭,Wi-Fi覆盖｡内有麻将,投影KTV,花园带私人泡池,泳池,乒乓球,桌球,提供电烤炉烧烤,活动场地足够!
注意哦:为了避免给邻居带来骚扰,唱k时间最迟在晚上十点半以前结束｡
别墅内自带有温泉池,预订可免费赠送一池温泉水,第二池开始每池加200｡泳池加收300,需要开池提前讲哦~
周边配套丰富,有购物广场,超市,商业街,医院等｡出碧桂园大道5分钟左右有一大片农庄,具有特色的臭屁醋,三斤鸡等推荐尝试哦~
碧桂园清泉城内有温泉谷,需买票｡附近有英伦小镇,都是一些欧式建筑,可以拍拍照~5分钟左右车程可达森波拉温泉,森波拉奇妙世界,稍远还有龙门温泉,金龟池｡
碧桂园清泉城离佛冈高速出口5公里,到佛冈镇中心15-20分钟车程;也有专门大巴到达清泉城｡",,,,,,
清远佛冈温泉带泳池乒乓球泡池独立ktv独栋别墅5房16-20,"https://www.airbnb.cn/rooms/25145567?s=lL8DwLxp&guests=1&adults=1
",整栋别墅,3个卫生间,9张床,5间卧室,16位及更多房客,1380,1,"别墅独栋以东南亚风格为主,环境好且舒适,厨房可做饭,Wi-Fi覆盖｡内有麻将,独立KTV,花园带私人泡池,泳池,乒乓球,提供电烤炉烧烤,活动场地足够!
•注意哦:为了避免给邻居带来骚扰,唱k时间最迟在晚上十点半以前结束｡
别墅内自带有温泉池,预订可免费赠送一池温泉水,第二池开始每池加200｡泳池开池➕300,如需提前讲哦~
•周边配套丰富,有购物广场,超市,商业街,医院等｡出碧桂园大道5分钟左右有一大片农庄,具有特色的臭屁醋,三斤鸡等推荐尝试哦~
碧桂园清泉城内有温泉谷,需买票｡附近有英伦小镇,都是一些欧式建筑,可以拍拍照~5分钟左右车程可达森波拉温泉,森波拉奇妙世界,稍远还有龙门温泉,金龟池｡
•走京广澳高速佛冈出口5公里直达碧桂园清泉城,到佛冈镇中心15-20分钟车程;也有专门大巴到达清泉城｡",,,,,,
清远佛冈碧桂园豪华4房轰趴聚会休闲中式别墅,"https://www.airbnb.cn/rooms/25174031?s=lL8DwLxp&guests=1&adults=1
",整栋别墅,2个卫生间,7张床,4间卧室,最多住12人,999,0,"一楼:1间1张1.8床(公卫),1间2张1.5床(公卫),挑高客厅,饭厅,自动麻将,KTV,台球,私家温泉池,厨房,BBQ(只能用电烤炉烧烤),超大私家花园
二楼:2间2张1.2床(套房)
温泉池免费送一池,使用泳池加收300",,,,,,
清远佛冈碧桂园豪华欧式4房轰趴聚会休闲度假温泉别墅,"https://www.airbnb.cn/rooms/25175757?s=lL8DwLxp&guests=1&adults=1
",整栋别墅,2个卫生间,7张床,4间卧室,最多住11人,1099,0,"带k.温泉,麻将,电烧烤炉,1.2米标双两间,1.8米双床房一间,1.5单床房一间",,,,,,
清远佛冈碧桂园豪华8房轰趴聚会休闲度假温泉独栋别墅带ktv麻将桌,"https://www.airbnb.cn/rooms/25178375?s=lL8DwLxp&guests=1&adults=1
",整栋别墅,5个卫生间,16张床,8间卧室,16位及更多房客,1788,0,"上层:
一楼:客厅､饭厅､厨房,自动麻将,空中花园,私家温泉池
二楼:1间2张1.2床(套房), (Phone number hidden by Airbnb) 床(套房)
三楼: (Phone number hidden by Airbnb) 床(套房)
下层:
一楼: (Phone number hidden by Airbnb) 床(两房连通,带洗手间),台球,乒乓球,K房,自动麻将,私家温泉池
二楼:1间2张1.2床(套房),1间2张1.2床(公卫),1间2张1.5床(公卫)",,,,,,
清远佛冈碧桂园豪华欧式8房轰趴聚会休闲度假温泉中空别墅带ktv麻将桌,"https://www.airbnb.cn/rooms/25179020?s=lL8DwLxp&guests=1&adults=1
",整栋别墅,5个卫生间,14张床,8间卧室,16位及更多房客,1780,0,"一楼:两间1.5双床房,一间独立k房,公用洗手间
二楼:一间1.5单床房,超大花园,公用洗手间
三楼:一间房中房(一间1.8双床房,一间1.2双床房)洗手间
四楼:一间1.8单床房,一间1.5双床房带独立洗手间,一间1.2双床房,观景露台,一个公用洗手间",,,,,,
清远佛冈碧桂园豪华中式7房轰趴聚会休闲度假温泉中空别墅带泳池ktv麻将,"https://www.airbnb.cn/rooms/25182040?s=lL8DwLxp&guests=1&adults=1
",整栋别墅,5个卫生间,11张床,7间卧室,16位及更多房客,1480,1,"一楼:一间1.5米大床房,一间1.8米大床房,独立投影KTV(或会议室),公卫
二楼:8米中空客厅,饭厅,电动麻将,厨房,桌球,温泉池,泳池,公卫,入户花园,休闲观景台
三楼:房中房两房互通(一间1.5米三床房+一间1.8.m床大床房)(带厕所)
四楼:房间1:  一间1.5m*2床(带厕所),一间1.5米双床房,一间1.8米大床房,公卫
温泉池免费送一池,使用泳池加收300｡",,,,,,
清远佛冈碧桂园豪华欧式6房轰趴聚会休闲度假温泉别墅带ktv麻将桌,"https://www.airbnb.cn/rooms/25182398?s=lL8DwLxp&guests=1&adults=1
",整栋别墅,4个卫生间,11张床,6间卧室,16位及更多房客,1380,0,"四楼:1间2张1.5床(套房),1间2张1.5床(公卫), (Phone number hidden by Airbnb) 床(公卫)
三楼: (Phone number hidden by Airbnb) 床(两间房是连通的子母房,带洗手间)
二楼:7米中空大厅,饭厅,厨房,自动麻将,台球,前后花园
一楼:1间1张1.5床(公卫),一间独立K房,自动麻将｡",,,,,,
清远佛冈碧桂园豪华欧式7房轰趴聚会休闲度假温泉独栋别墅,"https://www.airbnb.cn/rooms/25186304?s=lL8DwLxp&guests=1&adults=1
",整栋别墅,4个卫生间,11张床,7间卧室,16位及更多房客,1480,0,"一楼一间1.5米大床房,一间1.8米大床房,独立投影KTV(或会议室)
二楼:8米中空客厅,饭厅,厨房,桌球,温泉池,泳池,入户花园,休闲观景台
三楼: 房中房两房互通(一间1.5m三床房+一间1.8m大床房)(带厕所)
四楼:房间1:  1.5m*2床(带厕所) 房间2:  1.5m*2床 房间3:  1.8m*1床
温泉池免费送一池,使用泳池加收300｡",,,,,,
清远佛冈碧桂园豪华中式6房轰趴聚会休闲度假温泉别墅带会议室ktv,"https://www.airbnb.cn/rooms/25186638?s=lL8DwLxp&guests=1&adults=1
",整栋别墅,4个卫生间,12张床,6间卧室,16位及更多房客,1380,0,"一楼独立ktv.  一间1.5三床房｡
二楼8米中空大厅,后花园 (Website hidden by Airbnb) 三楼一间房中房(一间1.8双床房,一间1.2双床房)四楼一间1.5单床房,一间1.5双床房,一间1.2双床房,观景露台",,,,,,
清远佛冈碧桂园5房望湖别墅梵蒂冈之家(配有KTV､麻将､烧烤和温泉池)8-18,"https://www.airbnb.cn/rooms/25303298?s=lL8DwLxp&guests=1&adults=1
",整栋别墅,3个卫生间,6张床,4间卧室,最多住11人,1299,0,"走京广澳高速,佛冈出口后五公里直达,有管家指引进入｡酒店依山傍水,周边有温泉､漂流､英伦小镇和农庄等旅游景点,五分钟可到达森波拉温泉和森波拉奇妙世界,稍远点有聚龙湾温泉和金龟池温泉,碧桂园内有温泉谷｡别墅附近还有超市､商业街､购物广场和医院｡别墅配有私人温泉池､麻将､电烧烤炉和KTV｡厨房可供使用,有厨具(需自备碗筷和调料);管家提供配送服务｡",,,,,,
清远佛冈碧桂园5房望湖别墅梵蒂冈之家(配有麻将､KTV､烧烤和温泉池)8-25,"https://www.airbnb.cn/rooms/25385415?s=lL8DwLxp&guests=1&adults=1
",整栋别墅,2个卫生间,6张床,4间卧室,最多住11人,1099,1,"走京广澳高速,佛冈出口后五公里直达,有管家指引进入｡酒店依山傍水,周边有温泉､漂流､英伦小镇和农庄等旅游景点,五分钟可到达森波拉温泉和森波拉奇妙世界,稍远点有聚龙湾温泉和金龟池温泉,碧桂园内有温泉谷｡别墅附近还有超市､商业街､购物广场和医院｡别墅配有私人温泉池､麻将､电烧烤炉和KTV｡厨房可供使用,有厨具(需自备碗筷和调料);管家提供配送服务｡",,,,,,
"房子是我的家,我很爱惜它,希望可以带给你舒适感觉!","https://www.airbnb.cn/rooms/25460723?s=lL8DwLxp&guests=1&adults=1
",小屋,1间卫生间,2张床,2间卧室,最多住2人,268,1,"房子在高速公路路口,佛冈四通八达｡门口有公交车,想去哪里而我有空可以免费接送,如果我没空也可以提供出租车电话!嘻嘻~","小区楼下有泳池,附近都有特色农家乐!","楼下有收费停车场,门口有公交车!",,,,
清远佛冈碧桂园5房别墅梵蒂冈之家(配有独立KTV房､温泉池､麻将和烧烤)1-8,"https://www.airbnb.cn/rooms/25566080?s=lL8DwLxp&guests=1&adults=1
",整栋别墅,2个卫生间,8张床,4间卧室,最多住12人,1099,1,"走京广澳高速,佛冈出口后五公里直达,有管家指引进入｡酒店依山傍水,周边有温泉､漂流､英伦小镇和农庄等旅游景点,五分钟可到达森波拉温泉和森波拉奇妙世界,稍远点有聚龙湾温泉和金龟池温泉,碧桂园内有温泉谷｡别墅附近还有超市､商业街､购物广场和医院｡别墅配有私人温泉池､麻将､电烧烤炉和独立KTV房｡厨房可供使用,有厨具(需自备碗筷和调料);管家提供配送服务｡",,,,,,
"清远恒大金碧天下豪華5房 中空大厅別墅含KTV 碳烧烤, 厨房设备齐｡古龙峡漂流,玻璃栈道景区附近.","https://www.airbnb.cn/rooms/25760168?s=lL8DwLxp&guests=1&adults=1
",整套联排别墅,3个卫生间,10张床,5间卧室,最多住12人,1500,4,"別墅位於有廣東省清遠市內,既方便晚上又安靜｡小區生活機能完善,有便利店､古寺､景觀公園､生態旅遊度假區｡一走進別墅,映入眼簾的是明亮舒適的挑高客廳,共備有10張溫韾的床鋪,3間乾淨的衛浴,有一個觀景陽台､獨立KTV房､露天泡池, 適合多個家族攜帶食材在此一同享受大自然的家族樂｡可以在這清新自然的土地上享受舒適清幽的住宿環境｡附近有知名的美食､古寺､自然景觀､濕地公園及道地小吃,都十分方便｡","此区为广东省清远市龙颈镇｡西边有镇安古寺､足球学校,北边为江氏宗祠,东边恒大金碧天下风景区､CS真人对抗赛馆,往南为太和谷洞､玄真古洞生态区､笔架山森林瀑布､水上乐园､清新公园｡

著名旅游景点:
古龙峡漂流开车约15分钟
清泉湾漂流开车约15分钟
笔架山森林瀑布开车约15分钟
黄腾峡漂流开车约25分钟","开车3分钟就是清连高速,走路10分钟之内有超市｡

别墅附有免费停车位,可停6~8台车｡",,,,
岭下乡村民宿,"https://www.airbnb.cn/rooms/25800702?s=lL8DwLxp&guests=1&adults=1
",整套公寓,1间卫生间,5张床,3间卧室,最多住10人,378,0,,,,,,,
清远佛冈碧桂园四房别墅梵蒂冈之家(配有麻将､KTV､烧烤､乒乓球和温泉池)9-17,"https://www.airbnb.cn/rooms/25813415?s=lL8DwLxp&guests=1&adults=1
",整栋别墅,3个卫生间,7张床,4间卧室,最多住10人,699,0,"走京广澳高速,佛冈出口后五公里直达,有管家指引进入｡酒店依山傍水,周边有温泉､漂流､英伦小镇和农庄等旅游景点,五分钟可到达森波拉温泉和森波拉奇妙世界,稍远点有聚龙湾温泉和金龟池温泉,碧桂园内有温泉谷｡别墅附近还有超市､商业街､购物广场和医院｡别墅配有私人温泉池､麻将､电烧烤炉和KTV｡厨房可供使用,有厨具(需自备碗筷和调料);管家提供配送服务｡",,,,,,
清远佛冈碧桂园欧风复式公寓,"https://www.airbnb.cn/rooms/25817652?s=lL8DwLxp&guests=1&adults=1
",整套公寓,1间卫生间,3张床,2间卧室,最多住5人,320,0,"复式公寓带欧式装修风格｡
Ps:小房没有空调哦^_^
•周边配套丰富,有购物广场,超市,商业街,医院等｡出碧桂园大道5分钟左右有一大片农庄,具有特色的臭屁醋,三斤鸡等推荐尝试哦~
碧桂园清泉城内有温泉谷,需买票｡附近有英伦小镇,都是一些欧式建筑,可以拍拍照~5分钟左右车程可达森波拉温泉,森波拉奇妙世界,稍远还有龙门温泉,金龟池｡
•走京广澳高速佛冈出口5公里直达碧桂园清泉城,到佛冈镇中心15-20分钟车程;也有专门大巴到达清泉城｡",,,,,,
"清远恒大五房温泉豪华大别墅近新银盏温泉古龙峡玻璃大峡谷,配日式温泉池､KTV设备､烧烤炉､电动麻将桌","https://www.airbnb.cn/rooms/25966570?s=lL8DwLxp&guests=1&adults=1
",整栋别墅,3个卫生间,7张床,5间卧室,最多住12人,1000,13,"*别墅位于清远市恒大世纪旅游城内,距离新银盏温泉20-30分钟车程､古龙峡玻璃大峡谷+国际赛道漂流､黄腾峡漂流15-30分钟车程,清远市区20分钟的车程,广州市60分钟车程,深圳市120分钟车程!
*五房七床+沙发床270平方豪华大别墅!重金豪华欧式装修,配日式温泉池､KTV设备､烧烤炉､电动麻将桌､厨房用具､名牌家私电器､2台大电视､免费WIFI一应俱全!免费停车!全部使用标准一次性洗漱用品!毛巾､床品一客一换!专属管家服务,专职阿姨清洁卫生!
*交通:别墅区内有穿梭巴士,每天有楼巴往返广州市区越秀公园､清远市区清新体育馆,门口有公交车抵达清远市区!
*美食:清远恒大小区内有开心农场､恒大酒店自助餐､美食中心东南西北各大美食;附近有田美农庄等各种农家菜｡
*超市､市场:华润万家､美宜佳､购买烧烤食材的农贸市场｡
*休闲娱乐:小区内清远恒大会议､饮食､娱乐､运动､健康､商业六大中心,运动中心有真人CS对抗赛､恒温游泳池､桑拿房､健身房､单车､足球场､篮球场､网球场､羽毛球､乒乓球等运动设施｡小区内有人工湖碰碰电动船;山顶公园､儿童滑滑梯､松鼠营､假山瀑布免费游玩｡娱乐中心有各种儿童设施","*别墅位于风景优美的清远市恒大世纪旅游城内,距离新银盏温泉20-30分钟车程､古龙峡玻璃大峡谷+国际赛道漂流､清泉湾玻璃漂流+水上乐园､龙腾峡漂流15分钟左右车程,黄腾峡漂流20-30分钟车程,清远市区20分钟的车程,广州市60分钟车程,深圳市120分钟车程!
*别墅周围绿树成荫､有人工湖泊,区内治安好,保安24小时巡视,山清水秀､林语花香､湖光山色､享大自然的负离子,远离都市喧嚣,享受这份独特的尘世美,为单位团建､家庭休闲､朋友出游的好去处!","别墅区内有穿梭巴士到恒大会议中心,每天有楼巴从恒大会议中心往返广州市区越秀公园､清远市区清新体育馆,门口有公交车抵达古龙峡､清远市区,交通便利!别墅区内停车免费,可停多辆车!",,,,
清远恒大好自然2号别墅,"https://www.airbnb.cn/rooms/25991767?s=lL8DwLxp&guests=1&adults=1
",整套房子,3个卫生间,6张床,4间卧室,最多住8人,1180,1,"别墅位于清连高速龙颈出口一公里附近,毗邻恒大足球学校,古龙峡,龙腾峡,清泉湾…
房屋装修简约干净舒适","小区内有多个公园,景色宜人,并配有儿童活动区,方便带孩子的朋友,附近有超市和农贸市场,各种可品尝当地特色美食的农庄…一定让你有不一样的旅行体验","清连高速龙颈出囗一公里左右
市区312路公交车途经恒大门口
小区每天有楼巴往返清新体育馆和广州以泰广场",,,,
清远恒大好自然1号别墅,"https://www.airbnb.cn/rooms/25992835?s=lL8DwLxp&guests=1&adults=1
",整套房子,3个卫生间,14张床,8间卧室,16位及更多房客,1880,3,"好自然度假别墅位于漂流之乡清远市清连高速龙颈出口一公里左右的恒大世纪生态城内,毗邻恒大足球学校,古龙峡,清泉湾,龙腾峡等漂流胜地
别墅装修风格简约,干净舒适,釆光极佳,周边环境优美,鸟语花香,夜晚更可享受整个社区的静谧","别墅距离漂流各景点仅十多分钟车程,毗邻恒大足球学校,周边有超市,饮食中心和可品尝各种当地美食的农庄,一定让您感受不一样的旅行体验","公共出行:市区312路公交车每40分钟一班经小区门口(恒大金碧天下站点)
小区有楼巴往返清新体育馆和广州以泰广场
自驾:清连高速龙颈出口右转1公里左右",,,,
涯际Cliff Haus - Camping Rock climbing paradise,"https://www.airbnb.cn/rooms/26015976?s=lL8DwLxp&guests=1&adults=1
",露营地,8个卫生间,30张床,30间卧室,16位及更多房客,88,0,"涯际 Cliff Haus 是一个国际户外露营基地,提供帐篷住宿,洗浴,有机饭菜及极限活动等｡
Cliff Haus is an outdoor social enterprise. We provide camping supplies, hot showers, orangic meals, and extereme sports","2k to the town to get food
Campsite supply food as well. Please let the manager own ahead of time of your needs.",Bike around is the best way.,,,,
清远恒大养生谷度假房,"https://www.airbnb.cn/rooms/26218517?s=lL8DwLxp&guests=1&adults=1
",整套公寓,1间卫生间,2张床,2间卧室,最多住4人,288,5,"该房屋位于广东省后花园清远市,离飞来峡,古龙峡风景区都不远,与恒大足球学校比邻｡交通方便,环境优美,天然氧吧,非常适合休闲度假养生｡房子是整套出租的,有密码锁非常安全｡所有的床品都是新的｡可以住4个人,两间房都是大床,装修也都是新的",清远恒大酒店,免费的小区区间车和往返广州市中区的班车,,,,
途民•度假别墅★佛冈碧桂园清泉城|羊角山森林闲情山水旅游经济圈 •4房7床别墅|享养生温泉【159】,"https://www.airbnb.cn/rooms/26264069?s=lL8DwLxp&guests=1&adults=1
",整栋别墅,4个卫生间,7张床,4间卧室,最多住10人,1180,0,"【15-9】(4房7床)别墅

【配套】:150寸超清专业独立KTV房､自动麻将,私家温泉池､乒乓球桌､私家花园､全屋光纤,功夫茶具,电烧烤炉(禁止炭烧),厨房厨具,大冰箱｡

【床位】:1楼1间1.2双床房,3楼1间1.2床双床房,1间1.8大床房和1间1.5双床房(这两间为联通房)","碧桂园•清泉城坐落于佛冈之“三大旅游经济圈”中的“羊角山森林闲情山水旅游经济圈”,山水环境得天独厚,背靠3万亩羊角山森林国家公园,空气质量8倍优于广州(PM2.5仅0.002,负氧离子浓度高达31500个/cm³),内部餐饮商超等生活设施配套齐全,经由京珠高速至广州市区仅需1小时车程｡","位于碧桂园云泉谷,自驾5分钟能达森波拉奇妙世界｡30分钟能达观音山王山寺｡ 

导航搜索地点:碧桂园清泉城
 地址:清远市佛冈县碧桂园清泉城温泉度假别墅 
从广州出发: 华南快速干线￫京珠高速￫佛冈出口￫碧桂园清泉城 另:从广州天河有清泉城楼巴往返 从深圳出发: 深圳市区￫广深高速￫北二环￫京珠高速￫佛冈出口￫碧桂园清泉城 公交客运班车搭乘路线: 从本城市坐客运大巴到佛冈客运站,佛冈客运站离清泉城距离6.4公里,搭出租车大约20元｡ 从佛冈银座有往返碧桂园清泉城的交通车｡碧桂园清泉城距离京珠高速出口5公里,距离广州市中心1小时车程",,,,
途民•度假别墅★佛冈碧桂园清泉城|羊角山森林闲情山水旅游圈 •6房11床泳池别墅享养生温泉【186】,"https://www.airbnb.cn/rooms/26281164?s=lL8DwLxp&guests=1&adults=1
",整栋别墅,4个卫生间,11张床,6间卧室,16位及更多房客,1580,0,"(6房11床)别墅

【配套】200寸超清专业独立KTV房,2台自动麻将,乒乓球桌,桌球桌,200平方私家花园,2个私家温泉池,全屋光纤,电烧烤炉(禁止炭烧),功夫茶具,厨房厨具,大冰箱

【床位】:1楼1间1.5大床房,3楼1间1.5双床房和1.2双床房(这两间为联通房),4楼2间1.5双床房,1间1.2双床房｡","碧桂园•清泉城坐落于佛冈之“三大旅游经济圈”中的“羊角山森林闲情山水旅游经济圈”,山水环境得天独厚,背靠3万亩羊角山森林国家公园,空气质量8倍优于广州(PM2.5仅0.002,负氧离子浓度高达31500个/cm³),内部餐饮商超等生活设施配套齐全,经由京珠高速至广州市区仅需1小时车程｡","位于碧桂园云泉谷,自驾5分钟能达森波拉奇妙世界｡30分钟能达观音山王山寺｡
 导航搜索地点:碧桂园清泉城 地址:清远市佛冈县碧桂园清泉城温泉度假别墅 
从广州出发: 华南快速干线￫京珠高速￫佛冈出口￫碧桂园清泉城 另:从广州天河有清泉城楼巴往返 从深圳出发: 深圳市区￫广深高速￫北二环￫京珠高速￫佛冈出口￫碧桂园清泉城 公交客运班车搭乘路线: 从本城市坐客运大巴到佛冈客运站,佛冈客运站离清泉城距离6.4公里,搭出租车大约20元｡ 从佛冈银座有往返碧桂园清泉城的交通车｡碧桂园清泉城距离京珠高速出口5公里,距离广州市中心1小时车程",,,,
途民•度假别墅★佛冈碧桂园清泉城|羊角山森林闲情山水旅游圈 •7房12床别墅|享养生温泉【1514】,"https://www.airbnb.cn/rooms/26342420?s=lL8DwLxp&guests=1&adults=1
",整栋别墅,4个卫生间,12张床,7间卧室,16位及更多房客,1680,1,"(7房12床)
【配套】200寸超清专业独立KTV房,2台自动麻将,乒乓球桌,桌球桌,私家花园,饭厅,吧台,电烧烤炉(禁止炭烧),私家温泉,全屋光钎,功夫茶具,厨房厨具,大冰箱
【床位】:2楼1间1.5双床房和1间1.8大床房(这两间为联通房),3楼1间1.5双床房和1间1.2双床房(这两间为联通房),4楼1间1.2双床房,1间1.5双床房,1间1.8大床房｡",,"位于碧桂园云泉谷,自驾5分钟能达森波拉奇妙世界｡30分钟能达观音山王山寺｡ 导航搜索地点:碧桂园清泉城 地址:清远市佛冈县碧桂园清泉城温泉度假别墅 从广州出发: 华南快速干线￫京珠高速￫佛冈出口￫碧桂园清泉城 另:从广州天河有清泉城楼巴往返 从深圳出发: 深圳市区￫广深高速￫北二环￫京珠高速￫佛冈出口￫碧桂园清泉城 公交客运班车搭乘路线: 从本城市坐客运大巴到佛冈客运站,佛冈客运站离清泉城距离6.4公里,搭出租车大约20元｡ 从佛冈银座有往返碧桂园清泉城的交通车｡碧桂园清泉城距离京珠高速出口5公里,距离广州市中心1小时车程",,,,
岭下乡村民宿,"https://www.airbnb.cn/rooms/26608692?s=lL8DwLxp&guests=1&adults=1
",整套公寓,1间卫生间,7张床,4间卧室,最多住12人,492,1,,,,,,,
山居小院2,"https://www.airbnb.cn/rooms/26657498?s=lL8DwLxp&guests=1&adults=1
",农家房,1间卫生间,2张床,2间卧室,最多住4人,266,15,"此房源是用老泥砖房改建的,全部用原木装修环保健康,房间干净整洁,房内设有可以泡功夫茶茶具,房源附近是罗坑湖和罗坑大草原,方圆一公里内可到大岩洞,书房岩探险","山居小院位于黄屋村内,是一个客家人均为黄家姓的村落,村是被罗坑湖､大草原､茶园包围,环境优美",自驾游的有免费停车位提供,,,,
英德市区花园小区豪华沿河双人套房 风景优美 交通便利,"https://www.airbnb.cn/rooms/26829313?s=lL8DwLxp&guests=1&adults=1
",整套公寓,2个卫生间,2张床,2间卧室,最多住4人,580,2,,,,,,,
清泉城独栋别墅里面有温泉,"https://www.airbnb.cn/rooms/26889719?s=lL8DwLxp&guests=1&adults=1
",整栋别墅,3个卫生间,7张床,4间卧室,最多住10人,1680,0,"HeIIo,我是小雪,80后的小房东｡爱逛街,打麻将和旅游｡我也去过很多地方,也遇见过很有趣的朋友｡期待世界各地的朋友来我家住,和我分享你们的旅行故事和欢乐时光,也希望能遇到和我一样热爱生活的伙伴｡",,,,,,
摘星楼,"https://www.airbnb.cn/rooms/26912687?s=lL8DwLxp&guests=1&adults=1
",整套公寓,1间卫生间,2张床,2间卧室,最多住4人,200,0,,,,,,,
清远佛冈碧桂园东南亚风4房温泉别墅梵蒂冈之家(配麻将､烧烤和KTV)2-52,"https://www.airbnb.cn/rooms/27185169?s=lL8DwLxp&guests=1&adults=1
",整栋别墅,3个卫生间,6张床,4间卧室,最多住11人,699,0,"走京广澳高速,佛冈出口后五公里直达,有管家指引进入｡酒店依山傍水,周边有温泉､漂流､英伦小镇和农庄等旅游景点,五分钟可到达森波拉温泉和森波拉奇妙世界,稍远点有聚龙湾温泉和金龟池温泉,碧桂园内有温泉谷｡别墅附近还有超市､商业街､购物广场和医院｡别墅配有私人温泉池､麻将､电烧烤炉和KTV｡厨房可供使用,有厨具(需自备碗筷和调料);管家提供配送服务｡",,,,,,
市区高档住宅小区江边温馨2房整租,"https://www.airbnb.cn/rooms/27220487?s=lL8DwLxp&guests=1&adults=1
",整套公寓,1间卫生间,2张床,2间卧室,最多住4人,338,1,,,,,,,
乡音民宿,"https://www.airbnb.cn/rooms/27247992?s=lL8DwLxp&guests=1&adults=1
",住宿加早餐里的独立房间,1个独立卫生间,1张床,单间公寓,最多住2人,188,0,,,,,,,
英德连江口江湾假日酒店 江湾3室2厅温泉入户整套租,"https://www.airbnb.cn/rooms/27408697?s=lL8DwLxp&guests=1&adults=1
",整套房子,2个卫生间,6张床,3间卧室,最多住6人,998,0,"不同于传统的饭店旅馆,也许没有高级奢华的设施,但它能让人体验当地风情､感受民宿主人的热情与服务､并体验有别于以往的生活",,,,,,
乡音民宿,"https://www.airbnb.cn/rooms/27447996?s=lL8DwLxp&guests=1&adults=1
",整套酒店式公寓,1间卫生间,2张床,2间卧室,最多住4人,238,0,,,,,,,
英德市区高端时尚公寓,"https://www.airbnb.cn/rooms/27470284?s=lL8DwLxp&guests=1&adults=1
",整套公寓,1间卫生间,1张床,1间卧室,最多住2人,688,1,"高级,前卫,时尚","位于英德市城市主干道,城市的中心,吃饭购物逛街非常方便",广州南站坐高铁到英德西站,,,,
恒大世纪旅游城球星之家民宿,"https://www.airbnb.cn/rooms/27617469?s=lL8DwLxp&guests=1&adults=1
",整套公寓,1间卫生间,1张床,单间公寓,最多住2人,168,0,"环境优美､房间干净整洁!美丽的恒大世纪旅游城位于广州北部清远市清新县龙颈镇,坐拥万亩原生态湖山林谷,令人惊叹的世界级皇家园林,实属漂流运动后的极佳休息之所｡附近2公里有世界吉尼斯纪录的恒大足球学校,9公里有古龙峡漂流､清泉湾生态旅游城､玄真古洞生态区｡楼下有多个便利店,️小区通勤巴士,可以到商业中心､华润超市､饭店､门诊和菜市场,满足您的生活需求｡","美丽的恒大世纪旅游城坐落于广州北部清远市清新区龙颈镇,附近两公里有世界吉尼斯之称的恒大足球学校,9公里有有名的古龙峡漂流､清泉湾生态旅游区,玄真古洞生态区｡门口还多个农家乐｡",,,,,
初识·巴厘岛 清远佛冈鸣泉居温泉度假别墅,"https://www.airbnb.cn/rooms/27672992?s=lL8DwLxp&guests=1&adults=1
",整栋别墅,4个卫生间,6张床,5间卧室,最多住8人,3080,0,"清远佛冈碧桂园清泉城别墅,由碧桂园集团打造的大型度假新城,依山而建､全新装饰而成的私家别墅,最大限度保留了地块原有的地形地貌,四周群山环抱,山色连绵｡别墅依山依势而筑,潺潺溪水蜿蜒其中,家家观景､户户亲水｡","浈阳峡旅游小镇:位于清远英德市连江口镇北,是集旅游､住宿､餐饮､购物､会议､休闲娱乐为一体的多功能休闲度假区｡
观音山王山寺:观音山为广东的八大名山之一,海拔1288米,是著名的佛教名山｡景区还有一系列的旅游项目,如:神仙谷探秘､刺激溯瀑､露营野炊､定向越野､丛林穿越等｡
上岳村:是一个有着720年历史的古村落｡它始建于宋代,于清朝达到鼎盛时期｡村内108座古民居掩卧在桔果树丛中,前塘后山的布局,蕴含着藏风纳水的寓意｡
飞来峡:飞来峡风景区位于清远城上游20多公里的北江河段,是省级风景名胜区和旅游度假区,是道教第十九福地｡","佛冈碧桂园清泉城
广州出发:华南快速干线(或机场高速)---京珠高速(北行)---佛冈出口---右转沿106国道走5公里---碧桂园清泉城
佛山出发:北二环---京珠高速(北行)---佛冈出口---右转沿
106国道走5公里---碧桂园清泉城
东莞深圳出发:广深高速---北二环---京珠高速(北行)---佛冈出口---右转沿106国道走5公里---碧桂园清泉城",,,,
"清远英德浈阳江畔,私家温泉,全江景露台,少爷仔公寓","https://www.airbnb.cn/rooms/27686816?s=lL8DwLxp&guests=1&adults=1
",整套公寓,2个卫生间,5张床,3间卧室,最多住6人,722,0,"公寓座落在北江和连江交汇处,罕有的一线江景小栈｡广州1小时度假圈内,交通十分便利｡","全国特色小镇,天然纯朴,风景怡人｡","自驾,或坐往英德方向的城际巴士,连江口镇政府下,就在对面｡",,,,
途民•度假别墅★佛冈碧桂园清泉城|羊角山森林闲情山水旅游经济圈 •5房9床别墅|享养生温泉【157】,"https://www.airbnb.cn/rooms/27788800?s=lL8DwLxp&guests=1&adults=1
",整栋别墅,4个卫生间,9张床,5间卧室,最多住12人,1380,0,"(5房9床)别墅(只可住15人以下)

配套:150寸超清专业独立KTV房,自动麻将,乒乓球桌,12米儿童欢乐滑梯,私家温泉池､200平方私家花园､电烧烤炉(禁止炭烧),全屋光钎,功夫茶具,厨房厨具,大冰箱

床位:1楼1间1.2双床房,2楼2间1.8床大床房(这两间为联通房),3楼1间1.2床双床房,1间1.8床+两张1.5床大房","碧桂园•清泉城坐落于佛冈之“三大旅游经济圈”中的“羊角山森林闲情山水旅游经济圈”,山水环境得天独厚,背靠3万亩羊角山森林国家公园,空气质量8倍优于广州(PM2.5仅0.002,负氧离子浓度高达31500个/cm³),内部餐饮商超等生活设施配套齐全,经由京珠高速至广州市区仅需1小时车程｡碧桂园•清泉城坐落于佛冈之“三大旅游经济圈”中的“羊角山森林闲情山水旅游经济圈”,山水环境得天独厚,背靠3万亩羊角山森林国家公园,空气质量8倍优于广州(PM2.5仅0.002,负氧离子浓度高达31500个/cm³),内部餐饮商超等生活设施配套齐全,经由京珠高速至广州市区仅需1小时车程｡","位于碧桂园云泉谷,自驾5分钟能达森波拉奇妙世界｡30分钟能达观音山王山寺｡ 

导航搜索地点:碧桂园清泉城 地址:清远市佛冈县碧桂园清泉城温泉度假别墅 从广州出发: 华南快速干线￫京珠高速￫佛冈出口￫碧桂园清泉城 另:从广州天河有清泉城楼巴往返 从深圳出发: 深圳市区￫广深高速￫北二环￫京珠高速￫佛冈出口￫碧桂园清泉城 公交客运班车搭乘路线: 从本城市坐客运大巴到佛冈客运站,佛冈客运站离清泉城距离6.4公里,搭出租车大约20元｡ 从佛冈银座有往返碧桂园清泉城的交通车｡碧桂园清泉城距离京珠高速出口5公里,距离广州市中心1小时车程",,,,
"别墅式公寓,大花园","https://www.airbnb.cn/rooms/27801336?s=lL8DwLxp&guests=1&adults=1
",整套酒店式公寓,1间卫生间,2张床,2间卧室,最多住3人,298,0,,,,,,,
恒大世纪旅游城球星之家温馨满屋,"https://www.airbnb.cn/rooms/27801864?s=lL8DwLxp&guests=1&adults=1
",整套房子,1间卫生间,1张床,1间卧室,最多住2人,218,0,,,,,,,
碧桂园山顶7房别墅,"https://www.airbnb.cn/rooms/27802638?s=lL8DwLxp&guests=1&adults=1
",整栋别墅,4.5个卫生间,11张床,单间公寓,最多住7人,1880,0,,,,,,,
一楼带花园公寓,"https://www.airbnb.cn/rooms/27879562?s=lL8DwLxp&guests=1&adults=1
",整套公寓,1间卫生间,2张床,2间卧室,最多住3人,389,0,,,,,,,
【墅客】佛冈碧桂园清泉城欧式6房11床别墅+烧烤+温泉池+独立K房+WIFI+桌球+乒乓球+麻将机,"https://www.airbnb.cn/rooms/27938376?s=lL8DwLxp&guests=1&adults=1
",整栋别墅,4个卫生间,11张床,6间卧室,16位及更多房客,1480,0,"此栋别墅为独栋,山顶别墅,带温泉池､桌球､乒乓球､WIFI､烧烤､独立K房､自动麻将机｡",,,,,,
英德九龙/洞天仙境/胜峰客栈/清新双人房,"https://www.airbnb.cn/rooms/27940232?s=lL8DwLxp&guests=1&adults=1
",农家乐里的独立房间,1个独立卫生间,2张床,1间卧室,最多住2人,138,2,,,,,,,
英德九龙/洞天仙境/胜峰客栈/标准双人房,"https://www.airbnb.cn/rooms/27940803?s=lL8DwLxp&guests=1&adults=1
",青年旅舍里的独立房间,1个独立卫生间,2张床,1间卧室,最多住2人,138,1,,,,,,,
英德九龙/洞天仙境/胜峰客栈/清新大床房,"https://www.airbnb.cn/rooms/27946965?s=lL8DwLxp&guests=1&adults=1
",台湾民宿里的独立房间,1间卫生间,1张床,1间卧室,最多住2人,98,0,,,,,,,
【墅客】佛冈碧桂园清泉城欧式6房11床别墅+泳池+麻将机+桌球+温泉池+独立K房+乒乓球+电烧烤盘,"https://www.airbnb.cn/rooms/27966896?s=lL8DwLxp&guests=1&adults=1
",整栋别墅,4个卫生间,11张床,6间卧室,最多住12人,1680,0,中空大厅､带泳池､温泉池､麻将机､独立K房､电烧烤炉､桌球､乒乓球､,,,,,,
碧桂园清泉城绮云楼山顶温泉别墅,"https://www.airbnb.cn/rooms/28053092?s=lL8DwLxp&guests=1&adults=1
",整栋别墅,6.5个卫生间,14张床,7间卧室,16位及更多房客,1888,0,"导航佛冈碧桂园清泉城｡京港澳高速佛冈出口下来,第一个红绿灯右转,然后直行约5公里,右手边可见碧桂园清泉城的标志,右转便是｡由京珠高速至广州仅1小时左右车程,通往深圳,东莞,佛山等地仅需1.5-2.5小时｡别墅距离英德站约36公里,距离清远站约50公里,距离佛冈客运站约5.8公里｡","佛冈碧桂园清泉城,山清水秀,环境优美,空气清新,背靠3万亩羊角山森林国家公园,楼盘内部餐饮,娱乐一应俱全,湖边垂钓,绿道单车,儿童乐园,体育公园,温泉会所,风情商业街,美食农庄样样俱全｡周边聚集了森波拉森林度假公园,观音山省级风景区,龙啸峡漂流等旅游度假项目｡",,,,,
【墅客】碧桂园清泉城欧式中空大厅6房11床+泳池+温泉池+自动麻将机+独立K房+桌球+乒乓球+烧烤盘,"https://www.airbnb.cn/rooms/28062679?s=lL8DwLxp&guests=1&adults=1
",整栋别墅,4个卫生间,11张床,6间卧室,16位及更多房客,1680,0,中空大厅､带泳池､温泉池､麻将机､独立K房､电烧烤炉､桌球､乒乓球､,,,,,,
古龙峡附近温馨旅游度假公寓,"https://www.airbnb.cn/rooms/28112414?s=lL8DwLxp&guests=1&adults=1
",整套公寓,1间卫生间,3张床,2间卧室,最多住6人,288,0,"实惠的价格,星级的享受｡房屋面积85平米,比其他同类房屋面积大20%,环境舒适,绝对卫生干净,一切日常用品齐全,给您一个温馨的家!!","小区风景优美,空气清新,四面环山,有世外桃源的美称,远离大都市的繁华,给人以宁静,坐在阳台上看日出,尽享大自然赋予我们的一切美好","可以自驾游到清连高速龙颈出口下,300米左右到恒大金碧天下大门口,进小区3分钟左右车程到公寓｡也可以从广州越秀公园(地铁2号线A出口)坐小区专用大巴车,1.5小时左右到本小区,每天来回都有几趟车,小区每天也有直达清远市的来回专车,交通十分方便!",,,,
玉石别墅  古典优雅  送游泳券,"https://www.airbnb.cn/rooms/28141781?s=lL8DwLxp&guests=1&adults=1
",整栋别墅,2个卫生间,8张床,4间卧室,最多住14人,999,0,"东南亚装修,加上特色玉石挂画,古朴,大气｡55寸大电视
给您不一样的视野｡位于2楼的客人房4张1.8大床｡位于2楼娱乐房带有2张1.8大床,带有家庭式KTV｡主人房三楼带有2张1.8米大床并有一个20方大阳台视野开阔｡别墅内带有3个卫生间｡带有兵乓球､温泉池､电烧烤炉等,厨房基本的厨具都会有的哦,带上家人来煮上一顿饭也是不错的!","佛冈碧桂园清泉城温泉度假傍山别墅位于广东省清远市佛冈碧桂园清泉城内,周边旅游度假资源丰富,聚集了森波拉奇妙世界､观音山风景区､龙啸峡漂流等旅游度假项目,是广州等珠三角客户的旅游度假天堂的最佳首选!",广东省清远市佛冈县水头镇碧桂园清泉城云泉谷等十分方便,,,,
【墅客】佛冈碧桂园清泉城别墅8房16床+私家温泉池+麻将机+厨房+桌球+乒乓球+独立K房+电烧烤盘,"https://www.airbnb.cn/rooms/28207108?s=lL8DwLxp&guests=1&adults=1
",整栋别墅,5个卫生间,16张床,8间卧室,16位及更多房客,2180,0,中空大厅､温泉池､麻将机､独立K房､电烧烤炉､桌球､乒乓球､,别墅小区比较青雅幽静｡依山而建居高临下｡风景优美｡,"别墅内有私家停车位,但小区收费20元一台车停二十四小时｡",,,,
【墅客】佛冈碧桂园清泉城欧式豪华7房12床别墅+温泉池+厨房+麻将机+独立K房+烧烤盘+桌球+乒乓球,"https://www.airbnb.cn/rooms/28207918?s=lL8DwLxp&guests=1&adults=1
",整栋别墅,4个卫生间,12张床,7间卧室,最多住7人,1880,0,中空大厅､温泉池､麻将机､独立K房､电烧烤炉､桌球､乒乓球､,,,,,,
清远恒大清源小墅漂流度假别墅1号七房十床,"https://www.airbnb.cn/rooms/28274137?s=lL8DwLxp&guests=1&adults=1
",整套联排别墅,4个卫生间,10张床,7间卧室,16位及更多房客,1280,0,"别墅配有豪华KTV设备､全自动麻将桌､烧烤炉､厨具齐全的厨房､大浴缸､24小时免费停车位等等｡
附近有距离古龙峡漂流(玻璃桥大峡谷)景区约10分钟车程,清泉湾生态旅游区约15分钟车程以及国家AAAA级森林旅游度假区等等旅游景区｡
别墅内所以设施设备均免费使用!
轰趴､聚会､旅游､度假､休闲的好去处!",,"自驾路线:清连高速龙颈出口,右转五百米左右到达小区门口",,,,
清远佛冈碧桂园清泉城钻石豪华8房度假别墅带超大泳池KTV温泉池,"https://www.airbnb.cn/rooms/28376014?s=lL8DwLxp&guests=1&adults=1
",整栋别墅,6个卫生间,10张床,8间卧室,16位及更多房客,4380,0,"1楼两间房,一间1米5大床房,一间1.8米大床房,洗手间2个｡大会议室(可容纳40人左右).超大泳池,大温泉,亭子,烧烤吧台,桌球｡
2楼3间房,一间房中房(一件1.2米双床房,一间1.8米大床房)｡一间1.8米公主床带洗手间1个｡
 专业k房一个｡
3楼3个房,1间套房中房3个床,1洗手間,1间1个床    1米8的,洗手间1个｡",,,,,,
"英德市区仲达街收音机9号别墅五居(还有一套六居别墅在该房源对面,点击头像,下拉到最后可看到)","https://www.airbnb.cn/rooms/28508951?s=lL8DwLxp&guests=1&adults=1
",整栋别墅,3个卫生间,5张床,5间卧室,最多住10人,980,0,"该别墅处于英德市市区别墅区内的一幢3层别墅｡
一楼有舒适的独立花园
一楼有客厅+饭厅+厨房+麻将室+一间卧室+公共卫生间(KTV及麻将免费使用)
二楼有二间卧室+茶室+ 晾衣大露台
三楼有一间卧室+晾衣大露台
出门的仲达街上,有早餐,宵夜,清吧,小型菜市超市,便利超市,面包店等等,步行可达｡如想足不出户,本地还有网上超市及外卖平台,20元起送,半小时内可达｡
离高铁站英德西站19分钟车程
离乐广高速入口及出口15分钟车程
离著名景点宝晶宫十五分钟车程
离温泉别墅度假区二十分钟车程
离主要商业圈及大型超市沃尔玛十分钟车程
离三大主要菜市场均十分钟车程左右

住宿免费停车",,,,,,
"英德市仲达街收音机5号别墅六居(还有一套五居别墅在该房源对面,点击头像,下拉到最后可看到)","https://www.airbnb.cn/rooms/28511850?s=lL8DwLxp&guests=1&adults=1
",整栋别墅,4个卫生间,9张床,6间卧室,最多住12人,980,3,"该别墅处于英德市市区别墅区内的一幢3层别墅｡
一楼有舒适的独立花园
一楼有客厅+饭厅+厨房+一间卧室+公共卫生间
二楼有三间卧室
三楼有两间卧室+晾衣大露台
出门的仲达街上,有早餐,宵夜,清吧,小型菜市超市,便利超市,面包店等等,步行可达｡如想足不出户,本地还有网上超市及外卖平台,20元起送,半小时内可达｡
离高铁站英德西站19分钟车程
离乐广高速入口及出口15分钟车程
离著名景点宝晶宫十五分钟车程
离温泉别墅度假区二十分钟车程
离主要商业圈及大型超市沃尔玛十分钟车程
离三大主要菜市场均十分钟车程左右
停车免费",,,,,,
欧式豪装~幸福里亲子温泉别墅(有泳池),"https://www.airbnb.cn/rooms/28593698?s=lL8DwLxp&guests=1&adults=1
",联排别墅里的独立房间,3个独立卫生间,6张床,6间卧室,最多住12人,1880,1,,,,,,,
"休闲双人房/单人房,把舒适､干净､整洁带给你","https://www.airbnb.cn/rooms/28714854?s=lL8DwLxp&guests=1&adults=1
",酒店内的房间,1个独立卫生间,2张床,10间卧室,16位及更多房客,112,0,旅游景点的中途休息站,,,,,,
九龙浩浩小筑,"https://www.airbnb.cn/rooms/28853868?s=lL8DwLxp&guests=1&adults=1
",整栋乡村小屋,1间卫生间,4张床,4间卧室,最多住8人,398,1,,,,,,,
英德市奇洞温泉度假村汤山别墅307,"https://www.airbnb.cn/rooms/28882610?s=lL8DwLxp&guests=1&adults=1
",整栋别墅,3个卫生间,6张床,4间卧室,最多住8人,1288,3,"别墅有四层,
负一楼是车库,麻将室,卫生间;
一楼是客厅,厨房,入户花园(可以烧烤),后花园(情侣温泉池);
二楼客房两间,卫生间一间;
三楼主人房,书房,卫生间｡
公共温泉景区免费进入｡
公共水上乐园景区免费进入｡","在山林之间的温泉景区内,让您远离城市的喧嚣,彻底放松的享受度假时光｡","推荐自驾,导航目的地输入:英德市奇洞温泉｡",,,,
碧桂园度假别墅2房4床别墅,"https://www.airbnb.cn/rooms/28884494?s=lL8DwLxp&guests=1&adults=1
",整套公寓,1间卫生间,4张床,2间卧室,最多住2人,480,0,,,,,,,
英德市奇洞温泉度假村汤山别墅306,"https://www.airbnb.cn/rooms/28924278?s=lL8DwLxp&guests=1&adults=1
",整栋别墅,3个卫生间,6张床,4间卧室,最多住8人,1288,1,"别墅有四层,
负一楼是车库,麻将室,卫生间;
一楼是客厅,厨房,入户花园(可以烧烤),后花园(情侣温泉池);
二楼客房两间,卫生间一间;
三楼主人房,书房,卫生间｡
公共温泉景区免费进入｡
公共水上乐园景区免费进入｡",,,,,,
星悦民宿,"https://www.airbnb.cn/rooms/28976461?s=lL8DwLxp&guests=1&adults=1
",乡村小屋里的独立房间,8个独立卫生间,14张床,10间卧室,16位及更多房客,2000,0,,,,,,,
旅驿阳光,"https://www.airbnb.cn/rooms/29005454?s=lL8DwLxp&guests=1&adults=1
",整套公寓,1间卫生间,1张床,1间卧室,最多住1人,178,5,")金茂花园(英城镇德海路)
坐标:英德市区,主千道金子山大道与和平北
路交界处,属英德市城北区域｡
如何来到蓝色童话公寓?
1.乘高铁到英德:英德西站出站,乘坐滴滴出
行,车程15分钟｡(这样最快来到舒适的
家)
2.乘火车到英德:乘9路公交车到英德市体育馆下｡
3.乘客运大巴到英德市粤运汽车站,转乘市内公交车9号､13号到英德市体育馆下｡
4.自驾车:广乐高速英德出口下,出口右转靠左调头,沿着金子山大道一直走,经过市政建筑群,与和平路交界处左转,走100米到德海路转右直行到达｡",,"周边介绍
步行英7~8分钟即可到达英德""三馆一宫"",即英德体馆､英德博物馆､英德文化馆和英德市青少年宮｡入Y家就可近距离享受到运动､阅读､定期展览等公众设施｡
距离英德市月桂湖公园车程3分钟｡月桂湖公园是市民大型活动广场,适合散步､跑步等｡也有亲水平台｡
距离英德市政府行政中心车程仅5分钟｡亦可到达英德财政局,英德市公安局等行政部门｡因此也常适合来英德市办事的商务客人｡距离英德市英红机动车驾驶考场16分钟车程｡来英德驾照的朋友如需要在市区居住可选择我们｡",,,,
碧桂园2房4床别墅,"https://www.airbnb.cn/rooms/29005460?s=lL8DwLxp&guests=1&adults=1
",整套公寓,1间卫生间,4张床,2间卧室,最多住5人,300,1,,,,,,,
九龙乡村田园浩浩小筑,"https://www.airbnb.cn/rooms/29039407?s=lL8DwLxp&guests=1&adults=1
",整套房子,1间卫生间,1张床,1间卧室,最多住2人,98,0,,"乡村田园,离街上500米左右,离景点九龙小镇3公里左右,洞天仙境四公里左右,峰林走廊八公里左右,交通方便适合自驾游的朋友,这里没有城市的繁华也没有街上的喧闹,却有浓浓的乡村气息｡青山绿水,鸟语花香给您工作之余不一样的体验",,,,,
旺夫民宿旁[奇洞温泉小镇][湖山温泉度假区]四房两厅一厨两卫整套出租,"https://www.airbnb.cn/rooms/29068945?s=lL8DwLxp&guests=1&adults=1
",整套房子,2个卫生间,4张床,4间卧室,最多住8人,423,0,"旺夫民宿卫生干净,坚持一客一换,装修现代清新,入住旺夫民宿有如家之感!","街坊邻居老实憨厚,都是各村搬在一起的农民!",珠三角自驾过来可以走广乐高速英德出口再走迎宾大道——金子山大道——上江湾大桥——县道253线——到望埠镇——望埠镇农业银行右转直行200米就到达旺夫民宿,,,,
"罗马假日度假屋【碧桂园英伦小镇全新两室一厅,享受阳光与宁静,郊游赏秋】","https://www.airbnb.cn/rooms/29083739?s=lL8DwLxp&guests=1&adults=1
",整套公寓,1间卫生间,2张床,2间卧室,最多住4人,280,1,"如果您想回归宁静,想放空自己,需要释放下内心的压抑深深地舒一口气,想找个温馨的居室享受二人世界或者家庭乐,就过来吧｡房内基本的家具电器俱全,有厨房可供房客DIY露两手,除了一间双人床和一间单人床卧室外,客厅的沙发也可化身为床供您休憩｡本居室坐落于碧桂园清泉城的高处,可俯瞰清泉城绿地青山优美景色,紧邻会所(内有游泳池､羽毛球场､儿童乐园等运动娱乐设施),步行到公交车站仅需5分钟路程｡清泉城内配套设施有:植物园､烧烤场､散步和骑自行车的小道､碧桂园酒店内有温泉､网球场､篮球场､羽毛球场､儿童游乐设施等等｡附近15分钟旅游资源圈:森波拉温泉度假村､羊角山国家森林公园､龙啸峡漂流､聚龙湾温泉度假村等等｡",,,,,,
(近森波拉奇妙世界)豪华夫妻大床房品质公寓,"https://www.airbnb.cn/rooms/29117803?s=lL8DwLxp&guests=1&adults=1
",整套公寓,1间卫生间,1张床,1间卧室,最多住2人,218,0,"一房一厅一卫户外大阳台,苑区有温泉､植物园､体育公园､游乐园､登山跑道等等｡交通便利,京港澳高速佛冈出口5公里｡周边旅游景点有森波拉奇妙世界､田野绿世界､观音山王山寺､羊角山度假区等等｡","这里空气清新,环境宁静舒适,配套有高级的温泉度假乐园及游泳池,植物丰富的植物观赏园,及各大饮食娱乐的农家乐餐厅､超市等｡公寓装修典雅舒适,给您香家一样温暖舒服的度假享受,远离大都市的喧嚣,享受片刻的慢生活.....","有2路､3路公交车穿梭于苑区门口,出租车方便｡",,,,
佛冈碧桂园森波拉温泉2房一厅公寓,"https://www.airbnb.cn/rooms/29135276?s=lL8DwLxp&guests=1&adults=1
",整套公寓,1间卫生间,2张床,2间卧室,最多住4人,320,0,"位与清远碧桂园清泉城内,开车3 分钟能到森波拉｡下楼即到英伦小镇｡",,,,,,
佛冈碧桂园森波拉温泉带麻将3房一厅公寓,"https://www.airbnb.cn/rooms/29136395?s=lL8DwLxp&guests=1&adults=1
",整套公寓,2个卫生间,3张床,3间卧室,最多住6人,499,3,"位与清远碧桂园清泉城内,开车3 分钟能到森波拉｡下楼即到英伦小镇｡",,,,,,
佛冈碧桂园森波拉温泉欧式复式公寓,"https://www.airbnb.cn/rooms/29136508?s=lL8DwLxp&guests=1&adults=1
",整套公寓,1间卫生间,3张床,2间卧室,最多住5人,299,5,"位与清远碧桂园清泉城内,开车3 分钟能到森波拉｡下楼即到英伦小镇",,,,,,
佛冈碧桂园15-12森波拉温泉带桌球麻将烧烤6房中空别墅,"https://www.airbnb.cn/rooms/29137626?s=lL8DwLxp&guests=1&adults=1
",整栋别墅,4个卫生间,11张床,6间卧室,16位及更多房客,1680,0,"位与清远碧桂园清泉城内,开车3 分钟能到森波拉｡附近有多处农庄｡厨房免费开放使用,私人温泉入住免费赠送一池,娱乐设施有桌球,麻将,独立KTV,烧烤提供电烤炉｡",,,,,,
佛冈碧桂园18-17森波拉温泉带乒乓球麻将烧烤6房东南亚风别墅,"https://www.airbnb.cn/rooms/29143351?s=lL8DwLxp&guests=1&adults=1
",整栋别墅,3个卫生间,10张床,6间卧室,16位及更多房客,1380,0,"位与清远碧桂园清泉城内,开车3 分钟能到森波拉｡附近有多处农庄｡厨房免费开放使用,私人温泉入住免费赠送一池,娱乐设施有麻将,KTV,乒乓球,烧烤提供电烤炉｡",,,,,,
佛冈碧桂园森波拉温泉带桌球麻将烧烤7房观湖豪华别墅,"https://www.airbnb.cn/rooms/29144181?s=lL8DwLxp&guests=1&adults=1
",整栋别墅,3个卫生间,10张床,7间卧室,16位及更多房客,1880,0,"位与清远碧桂园清泉城内,开车3 分钟能到森波拉｡附近有多处农庄｡厨房免费开放使用,私人温泉入住免费赠送一池,娱乐设施有桌球,麻将,独立KTV,烧烤提供电烤炉｡",,,,,,
清远恒大金碧天下盈宝小筑,"https://www.airbnb.cn/rooms/29287311?s=lL8DwLxp&guests=1&adults=1
",整套联排别墅,3.5个卫生间,12张床,6间卧室,最多住14人,1388,1,,,,,,,
not far fromGuangzhou,"https://www.airbnb.cn/rooms/29289941?s=lL8DwLxp&guests=1&adults=1
",整套客房,1间卫生间,1张床,1间卧室,最多住2人,138,0,"市中心,热闹,楼下便是银座超市",楼下是银座商城,亲自接待,,,,
清远市英德  温泉花园度假别墅  岚山湖·逸闲居  四房一厅,"https://www.airbnb.cn/rooms/29374745?s=lL8DwLxp&guests=1&adults=1
",整栋别墅,5个卫生间,7张床,4间卧室,最多住8人,2199,0,"岚山湖逸闲居独门独户,私密性强, 岚山湖逸闲居位于广东英德仙湖温泉度假区内,北枕石门台国家自然保护区,南倚世界三大红茶之一的英红红茶之乡,是粤北得天独厚的度假胜地｡",广东省清远市英德市653乡道仙湖温泉旅游度假区倚峦风吕七街,"机场高速公路:
(白云机场/S41/G45/G4方向)￫大广高速公路(韶关/深圳/珠海/G4方向)￫京港澳高速公路(佛冈/英德南/G106出口)￫振兴南￫G (Phone number hidden by Airbnb) ￫英佛线￫英德仙湖温泉旅游度假区7街｡

京珠高速､广乐高速､昆汕高速:
京珠高速公路英德至广州段长168公里,需时2个小时;广乐高距广州白云国际机场仅86公里,1小时车程即可到达;

从顺德驾车前往度假区仅需1个半小时:
106国道､107国道､昆汕高速､京珠高速亦贯穿英德境内,度假区与各交通主线联接便利､出行快捷,广乐高速英红出口距离仙湖度假区仅5公里

未来的昆汕高速在度假区附近亦有出口
高铁直达:
广州南 - 英德西,不过短短的37分钟,票价64.5元;
英德西站到逸闲居别墅需时半小时;",,,,
清远清新龙颈有机茶园北楼嵩茶民宿—古龙峡(玻璃栈道)漂流附近,"https://www.airbnb.cn/rooms/29502755?s=lL8DwLxp&guests=1&adults=1
",木屋里的独立房间,1个独立卫生间,2张床,1间卧室,最多住2人,248,0,,,,,,,
特价双床房(带阳台),"https://www.airbnb.cn/rooms/29596011?s=lL8DwLxp&guests=1&adults=1
",乡村小屋里的独立房间,1个公共卫生间,2张床,1间卧室,最多住2人,128,0,"民宿一楼有多个停车位,楼上是可以看星星月亮日落的露台~本页面出租的是一间双床房,可住2人,有多位客人可以点击房东头像预定更多房间｡",自驾线路:九龙镇---九龙大道---新田村---下门楼---第一排第一栋(左),建议自驾哦!,,,,
特价双人房(1.5米床),"https://www.airbnb.cn/rooms/29616554?s=lL8DwLxp&guests=1&adults=1
",乡村小屋里的独立房间,1个公共卫生间,1张床,1间卧室,最多住2人,128,0,"民宿一楼有多个停车位,楼上是可以看星星月亮日落的露台~本页面出租的是一间双人房,可住2人,有多位客人可以点击房东头像预定更多房间｡",自驾线路:九龙镇---九龙大道---新田村---下门楼---第一排第一栋(左),建议自驾哦!,,,,
特价双床房,"https://www.airbnb.cn/rooms/29616722?s=lL8DwLxp&guests=1&adults=1
",乡村小屋里的独立房间,1个公共卫生间,2张床,1间卧室,最多住2人,128,0,"民宿一楼有多个停车位,楼上是可以看星星月亮日落的露台~本页面出租的是一间双床房,可住2人,有多位客人可以点击房东头像预定更多房间｡",自驾线路:九龙镇---九龙大道---新田村---下门楼---第一排第一栋(左),建议自驾哦!,,,,
特价双人房(1.8米床),"https://www.airbnb.cn/rooms/29616788?s=lL8DwLxp&guests=1&adults=1
",乡村小屋里的独立房间,1个公共卫生间,1张床,1间卧室,最多住2人,133,0,"民宿一楼有多个停车位,楼上是可以看星星月亮日落的露台~本页面出租的是一间双人房,可住2人,有多位客人可以点击房东头像预定更多房间｡",自驾线路:九龙镇---九龙大道---新田村---下门楼---第一排第一栋(左),建议自驾哦!,,,,
标准双床房【独卫】(1.8米大床),"https://www.airbnb.cn/rooms/29617110?s=lL8DwLxp&guests=1&adults=1
",乡村小屋里的独立房间,1间卫生间,2张床,1间卧室,最多住2人,158,0,"民宿一楼有多个停车位,楼上是可以看星星月亮日落的露台~本页面出租的是一间双床房,可住2人,有多位客人可以点击房东头像预定更多房间｡",自驾线路:九龙镇---九龙大道---新田村---下门楼---第一排第一栋(左),建议自驾哦!,,,,
标准大床房【独卫】(1.8米大床),"https://www.airbnb.cn/rooms/29617330?s=lL8DwLxp&guests=1&adults=1
",乡村小屋里的独立房间,1间卫生间,1张床,1间卧室,最多住2人,158,0,"民宿一楼有多个停车位,楼上是可以看星星月亮日落的露台~本页面出租的是一间双人房,可住2人,有多位客人可以点击房东头像预定更多房间｡",自驾线路:九龙镇---九龙大道---新田村---下门楼---第一排第一栋(左),建议自驾哦!,,,,
标准双床房【独卫】,"https://www.airbnb.cn/rooms/29617709?s=lL8DwLxp&guests=1&adults=1
",乡村小屋里的独立房间,1间卫生间,2张床,1间卧室,最多住2人,158,0,"民宿一楼有多个停车位,楼上是可以看星星月亮日落的露台~本页面出租的是一间双床房,可住2人,有多位客人可以点击房东头像预定更多房间｡",自驾线路:九龙镇---九龙大道---新田村---下门楼---第一排第一栋(左),建议自驾哦!,,,,
标准双床房【独卫】,"https://www.airbnb.cn/rooms/29617873?s=lL8DwLxp&guests=1&adults=1
",乡村小屋里的独立房间,1间卫生间,2张床,1间卧室,最多住2人,158,0,"民宿一楼有多个停车位,楼上是可以看星星月亮日落的露台~本页面出租的是一间双床房,可住2人,有多位客人可以点击房东头像预定更多房间｡",自驾线路:九龙镇---九龙大道---新田村---下门楼---第一排第一栋(左),建议自驾哦!,,,,
<特价>英德市奇洞温泉汤山别院豪华别墅含溶洞温泉票,"https://www.airbnb.cn/rooms/29627293?s=lL8DwLxp&guests=1&adults=1
",度假村里的独立房间,3个独立卫生间,3张床,3间卧室,最多住6人,1988,4,"奇洞温泉小镇是国家AAAA级景区,是广东省内以自然溶洞生态景观为主题的温泉度假区｡可让都市人逃脱烦嚣､寻找静逸｡度假区建筑风格糅合了东南亚及客家民居的特色,将石英溶洞､田园风光､温泉池､度假别墅完美结合,质朴典雅｡

私密空间,聚会party详情:

设施:免费WiFi,书房､厨房､自动麻将厅､露台､车库一应俱全,还有一个独立的带温泉池的小庭院;(含一池温泉水)

厨房:厨房设施齐全,有电磁炉､烧烤炉､锅碗瓢盆等,免费使用(客人需要自备食材),无需另收清洁费;

烧烤:烧烤炉免费使用,需提前与管家预约｡需自备一次性碗筷､食材和配料等,无需另收清洁费｡

不含早餐,含溶洞露天温泉区门票和水上乐园门票,详细请咨询客服


温馨提示:
1､入住时需交300元押金,退房时无损坏任何物品则全额退还;
2､证件及贵重物品请随身携带以免丢失;
3､入住时需出示身份证登记(一人一证)｡
4､最好是女宾,夫妻或带女宾的一大家人,因楼上一卧室是房东女士住,其余三间房间空置｡

房屋使用权限

别墅,厨房烹饪,独立温泉池,自动麻将,烧烤炉具,户外花园  点击本人头像可预订一间卧室和其他房源哦",世外桃源,直接导航奇洞温泉度假村即可,,,,
清远佛冈碧桂园独栋别墅独立ktv露天温池,"https://www.airbnb.cn/rooms/29725025?s=lL8DwLxp&guests=1&adults=1
",整栋别墅,2个卫生间,7张床,5间卧室,16位及更多房客,1880,0,,,,,,,
清远恒大金碧天下盈宝语轩,"https://www.airbnb.cn/rooms/29747365?s=lL8DwLxp&guests=1&adults=1
",整套联排别墅,3.5个卫生间,12张床,6间卧室,最多住14人,1388,2,,,,,,,
英德宝墩湖山温泉度假村-火烈鸟零舍小筑,"https://www.airbnb.cn/rooms/29765433?s=lL8DwLxp&guests=1&adults=1
",整套联排别墅,3个卫生间,6张床,3间卧室,最多住6人,2480,0,"本别墅以新东南亚为建筑风格,所属宝墩湖湖山温泉度假村内 私家别墅区域是二层联排别墅｡以火烈鸟为主题特色,有前后花园,专属停车位,中央空调,空气能热水器,共三房一厅｡一楼是一厅一房,一楼A房配置两张2×1.5米双人床,二楼是二房,二楼B房配置2×1.5米双人床2张｡二楼C房配置2×1.5米双人床2张｡每间房间的床都可分可拼｡灵活好用｡每个套间均配置独立大卫生间和独立阳台｡另外配有落地窗,品牌家电家具,电动麻将台,五星级定制床品｡配有私家独立露天温泉池,在家就能享受温泉!别墅紧邻万亩宝墩湖,站在阳台就可以直观宝墩湖的风光,别致的绿化景观,注重从细节处提升品质,小细节的装饰,别有一番味道｡在此度假,可以让你的身心得到全方位的放松｡
    现定价包含公共温泉中心+泳道门票6张 (如需增加按温泉中心80元/人/次)或者选择二池私家温泉水｡(二选一) 推广期间,加送农家特色早餐6位,电动麻将任打不收费!
周边描述
交通便利,一公里范围内就有大型超市,农贸市场,各种地方土特产应有尽有｡周边旅游景点有宝晶宫,仙桥地下河,英西峰林,北江河畔等,来这里度假一定是个不错的选择｡",,"酒店地址:清远英宝望埠镇,近黄草塘水库

    抵达望埠镇红绿灯后导航提示右转,请继续往前走300米后再右转走S347交警中队方向2公里到达
广州:大广高速—乐广高速—S347—S253—湖山温泉度假村
东莞:莞太路—京港澳高速—英佛线—S253—湖山温泉度假村 
深圳:京港澳高速—广州绕城高速—英佛线—S253—湖山温泉度假村 
中山:珠三角环线—南沙港快线—京港澳高速——S253—湖山温泉度假村 
珠海:港湾大道-广澳高速—京港澳高速—S253—湖山温泉度假村",,,,
豪庭日租别墅1,"https://www.airbnb.cn/rooms/29787002?s=lL8DwLxp&guests=1&adults=1
",整套联排别墅,4个卫生间,7张床,4间卧室,最多住10人,2180,0,,,,,,,
豪庭日租别墅2,"https://www.airbnb.cn/rooms/29787598?s=lL8DwLxp&guests=1&adults=1
",整栋别墅,3个卫生间,8张床,5间卧室,最多住12人,2380,0,,,,,,,
四季民宿,"https://www.airbnb.cn/rooms/29871348?s=lL8DwLxp&guests=1&adults=1
",整套房子,1间卫生间,1张床,单间公寓,最多住1人,990,0,,,,,,,
清远古龙峡漂流(玻璃栈道)清泉湾景点:竹溪小栈大床亲子房,"https://www.airbnb.cn/rooms/29995526?s=lL8DwLxp&guests=1&adults=1
",农家乐里的独立房间,1个独立卫生间,6张床,3间卧室,最多住9人,260,0,"空气清新而宁静,整栋房子被竹海围绕着,每一口呼吸都是满满的负离子,附近有好几公里的小溪流水,可以溹溪,玩水,爬山,看瀑布,独栋超大院子,可以骑单车,打篮球,羽毛球,乒乓球,一楼两个客厅,有桌面足球,电动麻将机｡三楼超大天台,风景秀丽,满眼绿色,阳光房里有茶道,卡拉OK｡可做饭,烧烤｡晚上娱乐和客房分隔开两个区域,互不干扰｡院子后面也有清澈的小溪流水,可以玩水,烧烤,在超大的平台可以欣赏到青山绿水的风景｡门前菜地,后院的小溪边,随便找个地,起个火炉,煨鸡､煨番薯､做竹筒饭,找回儿时的乐趣｡小栈旁边步行5分钟有个超级无敌一千多平米的山泉水大游泳池,快和伙伴们来飚泳技吧!附近有两大漂流景点,古龙峡(玻璃栈道)和清泉湾水上世界,最适合朋友聚会,一家大小休闲娱乐｡","远离喧嚣的城市,车水马龙,这里空气清新而宁静,有清澈的小溪,喝的用的都是山泉水,离著名景点古龙峡漂流和清泉湾只有十多分钟车程｡","有高速和低速,高速走清连互通,龙颈､珠坑出口,低速走古龙峡方向｡",,,,
英德度假温泉旅游小镇北欧风格大3房整租,"https://www.airbnb.cn/rooms/30031851?s=lL8DwLxp&guests=1&adults=1
",整套公寓,2个卫生间,3张床,3间卧室,最多住6人,488,1,,"往前200米可到达网红宝墩湖酒店度假村,里面有温泉,还有网红拍照胜地,环境优美,500米可到达奇洞温泉度假村,设施完善,环境优美!温泉是国家级的哦~",,,,,
清远古龙峡漂流(玻璃栈道)清泉湾景点:竹溪小栈两房一厅,"https://www.airbnb.cn/rooms/30096378?s=lL8DwLxp&guests=1&adults=1
",农家房,1间卫生间,4张床,2间卧室,最多住6人,580,0,"空气清新而宁静,整栋房子被竹海围绕着,每一口呼吸都是满满的负离子,附近有好几公里的小溪流水,可以溹溪,玩水,爬山,看瀑布,独栋超大院子,可以骑单车,打篮球,羽毛球,乒乓球,一楼两个客厅,有桌面足球,电动麻将机｡三楼超大天台,风景秀丽,满眼绿色,阳光房里有茶道,卡拉OK｡可做饭,烧烤,烤全羊｡晚上娱乐和客房分隔开两个区域,互不干扰｡院子后面也有清澈的小溪流水,可以玩水,溪边烧烤,在超大的平台可以欣赏到青山绿水的风景｡门前菜地,后院小溪边随便找个地起个火炉,煨鸡､煨番薯､做竹筒饭,找回儿时的乐趣｡小栈旁边步行5分钟有个超级无敌一千多平米的山泉水大游泳池,快和伙伴们来飚泳技吧!附近有两大漂流景点,古龙峡(玻璃栈道)和清泉湾水上世界,最适合朋友聚会,一家大小休闲娱乐｡","远离喧嚣的城市,车水马龙,这里空气清新而宁静,有清澈的小溪,喝的用的都是山泉水,离著名景点古龙峡漂流和清泉湾只有十多分钟车程｡","有高速和低速,高速走清连互通,龙颈､珠坑出口,低速走古龙峡方向｡",,,,
清远恒大金碧天下别墅人古龙峡旁近银盏温泉,"https://www.airbnb.cn/rooms/30191911?s=lL8DwLxp&guests=1&adults=1
",整栋别墅,3个卫生间,16张床,8间卧室,16位及更多房客,1680,0,,,,,,,
英德奇洞温泉小镇汤山别院豪华别墅特惠房含两人溶洞温泉票,"https://www.airbnb.cn/rooms/30211700?s=lL8DwLxp&guests=1&adults=1
",度假村里的独立房间,1个独立卫生间,1张床,单间公寓,最多住2人,888,0,"奇洞温泉小镇是国家AAAA级景区,是广东省内以自然溶洞生态景观为主题的温泉度假区｡可让都市人逃脱烦嚣､寻找静逸｡度假区建筑风格糅合了东南亚及客家民居的特色,将石英溶洞､田园风光､温泉池､度假别墅完美结合,质朴典雅｡

私密空间,聚会party详情:

设施:免费WiFi,书房､厨房､自动麻将厅､露台､车库一应俱全,还有一个独立的带温泉池的小庭院;(含一池温泉水)

厨房:厨房设施齐全,有电磁炉､烧烤炉､锅碗瓢盆等,免费使用(客人需要自备食材),无需另收清洁费;

烧烤:烧烤炉免费使用,需提前与管家预约｡需自备一次性碗筷､食材和配料等,无需另收清洁费｡

不含早餐,含溶洞露天温泉区门票和水上乐园门票,详细请咨询客服


温馨提示:
1､入住时需交200元押金,退房时无损坏任何物品则全额退还;
2､证件及贵重物品请随身携带以免丢失;
3､入住时需出示身份证登记(一人一证)｡
 

房屋使用权限

别墅,厨房烹饪,独立温泉池,自动麻将,烧烤炉具,户外小花园",世外桃源,直接导航奇洞温泉度假村即可到达,,,,
(连着两套)清远碧桂园温泉ktv麻将烧烤望湖东南亚风四房别墅,"https://www.airbnb.cn/rooms/30239077?s=lL8DwLxp&guests=1&adults=1
",整栋别墅,4个卫生间,16张床,8间卧室,16位及更多房客,1180,2,"哈喽~这是两套连在一起的别墅,装修风格一致,分别都是四房8床的房型哦｡若直接预定就只能提供一套四房别墅给亲们哈,若人较多需要订两套请提前咨询我哦~(由于房源多套,可去我主页查看其他别墅哈)｡别墅独栋以东南亚风格为主,环境好且舒适,厨房可做饭,Wi-Fi覆盖｡内有麻将,KTV,花园带私人泡池,提供电烤炉烧烤,活动场地足够!
•注意哦:为了避免给邻居带来骚扰,唱k时间最迟在晚上十点以前结束｡
别墅内自带有温泉池,预订可免费赠送一池温泉水,第二池开始每池加200｡
•周边配套丰富,有购物广场,超市,商业街,医院等｡出碧桂园大道5分钟左右有一大片农庄,具有特色的臭屁醋,三斤鸡等推荐尝试哦~
•碧桂园清泉城内有温泉谷,需买票｡附近有英伦小镇,都是一些欧式建筑,可以拍拍照~5分钟左右车程可达森波拉温泉,森波拉奇妙世界,,附近还有田野绿,观音山,稍远还有金龟池,聚龙湾温泉｡
•走京广澳高速佛冈出口5公里直达碧桂园清泉城,到佛冈镇中心15-20分钟车程;佛冈汽车站15分钟左右即到,也有专门大巴到达清泉城｡",,,,,,
清远恒大旅游城古龙峡漂流云天玻璃桥温泉度假别墅03,"https://www.airbnb.cn/rooms/30259281?s=lL8DwLxp&guests=1&adults=1
",整套联排别墅,3个卫生间,7张床,4间卧室,最多住9人,1380,0,"房屋配有前后花园,落地窗,有厨房,烧烤炉,自动麻将机,独立KTV房,别墅干净卫生,舒适豪华,可容纳的人数较多,也可加床,适合家庭度假,公司,同学聚会｡免费停车,使用标准的一次性用品!毛巾,床品一客一换!专属管家服务,专职阿姨清洁卫生!","清远恒大内有开心农场,恒大自助餐,美食中心东南西北各大美食;
小区设有生鲜超市,华润万家超市,美宜佳,医院｡
清远恒大饮食中心,娱乐,运动,商业,会议,健康中心,运动中心有真人cs对抗赛,恒温游泳池,桑拿房,健身房,单车,足球场,篮球场,网球场,羽毛球,桌球,乒乓球等运动设施｡有人工湖碰碰电动船;山顶公园,儿童滑滑梯,松鼠营,假山瀑布免费游玩｡娱乐中心有各种儿童设施｡","别墅位于恒大世纪旅游城内,距离新银盏温泉20-30分钟车程,古龙峡玻璃大峡谷+国际漂流,清泉湾漂流+水上乐园,龙腾峡15分钟车程,英西峰林35-40分钟车程,清远市区20分钟车程,广州市60分钟车程,深圳市120分钟｡",,,,
蝴蝶谷秘境-自游穿越-精品私墅,"https://www.airbnb.cn/rooms/30298139?s=lL8DwLxp&guests=1&adults=1
",原生宅穴里的独立房间,1个独立卫生间,1张床,1间卧室,最多住2人,138,0,"在清远英德蝴蝶谷秘境的湖边,有一所房子,面朝湖边,春暖花开!蝴蝶纷飞,鸟语花香!幽幽山谷,独自一人!空气清新,群山环绕!

住宿费是单独计算的,入住需要坐船进入,船费是按照往返300元收费的｡

车只能开到码头,越野车可以开到房子对面的湖边,还是需要乘船到达｡

餐费也是单独计算的,正餐按照50元/人计算,早餐按照20元/人计算的!",非常舒服安静!,"可以开车到湖边码头,坐船进入,然后到达精品私墅｡",,,,
清远佛冈温泉麻将精装4房别墅6-10,"https://www.airbnb.cn/rooms/30369339?s=lL8DwLxp&guests=1&adults=1
",整栋别墅,3个卫生间,6张床,4间卧室,最多住9人,899,0,"别墅独栋以东南亚风格为主,环境好且舒适,厨房可做饭,Wi-Fi覆盖｡内有麻将,花园带私人泡池,提供电烤炉烧烤,活动场地足够!
•注意哦:为了避免给邻居带来骚扰,唱k时间最迟在晚上十点以前结束｡
别墅内自带有温泉池,预订可免费赠送一池温泉水,第二池开始每池加200｡
•周边配套丰富,有购物广场,超市,商业街,医院等｡出碧桂园大道5分钟左右有一大片农庄,具有特色的臭屁醋,三斤鸡等推荐尝试哦~
•碧桂园清泉城内有温泉谷,需买票｡附近有英伦小镇,都是一些欧式建筑,可以拍拍照~5分钟左右车程可达森波拉温泉,森波拉奇妙世界,,附近还有田野绿,观音山,稍远还有金龟池,聚龙湾温泉｡
•走京广澳高速佛冈出口5公里直达碧桂园清泉城,到佛冈镇中心15-20分钟车程;也有专门大巴到达清泉城｡",,,,,,
恒大好自然6号别墅,"https://www.airbnb.cn/rooms/30485924?s=lL8DwLxp&guests=1&adults=1
",整套联排别墅,2.5个卫生间,5张床,4间卧室,最多住8人,988,0,"舒适宽敞的中式风格约200平方三层四房联排别墅,有前后花园,整栋出租可住8~10人,如有更多客人可点击房东头像预定多间别墅","这里四面环山,原生态森林,纯天然氧吧,平均温度比市区低,小区内有多个公园,亭台楼阁景色优美,有儿童活动区,免费室外篮球场,也邻近恒大酒店和各休闲娱乐中心,是您旅途休闲的好地方","自驾可由清连高速龙颈出囗右转前行一公里左右进入小区,也可走107国道经古龙峡,清泉湾等旅游胜地来到这里
市区312公交线路经小区门口(恒大金碧天下站点)
小区内每天有多班楼巴往返广州以泰广场和清新体育馆",,,,
清远恒大世纪旅游城古龙峡漂流云天玻璃桥豪华别墅01,"https://www.airbnb.cn/rooms/30569464?s=lL8DwLxp&guests=1&adults=1
",整套联排别墅,3个卫生间,7张床,4间卧室,最多住10人,1380,2,"房屋配有前后花园,落地窗,有厨房,烧烤炉,自动麻将机,独立KTV房,别墅干净卫生,舒适豪华,可容纳的人数较多,也可加床,适合家庭度假,公司,同学聚会｡ 免费停车,使用标准的一次性用品!毛巾,床品一客一换!专属管家服务,专职阿姨清洁卫生!",,"别墅位于清远市恒大世纪旅游城内,距离新新盏温泉20-30分钟车程,古龙峡玻璃大峡谷+国际漂流,清远湾漂流+水上乐园,龙腾峡15分钟车程,英西峰林35-40分钟车程,清远市区20分钟车程,广州市60分钟车程,深圳市120分钟车程｡ 位于恒大金碧天下,楼盘面积比较大,小区内每十分钟一趟穿梭巴士｡按时间段有楼巴到清新体育馆和广州的｡小区门口也有公交312可以乘坐直达市区｡",,,,
清远佛冈碧桂园温泉带麻将舒适两房公寓,"https://www.airbnb.cn/rooms/30753797?s=lL8DwLxp&guests=1&adults=1
",整套公寓,1间卫生间,2张床,2间卧室,最多住4人,628,1,"公寓带麻将,有两间房,一间有两张1.5米的双人床,另一间是没有床的哦~公寓距离碧桂园内的温泉谷""凤凰湾""有1公里的路程(含双早,不包含温泉门票哦)~
•周边配套丰富,有购物广场,超市,商业街,医院等｡出碧桂园大道5分钟左右有一大片农庄,具有特色的臭屁醋,三斤鸡等推荐尝试哦~
•碧桂园清泉城内有温泉谷,需买票｡附近有英伦小镇,都是一些欧式建筑,可以拍拍照~5分钟左右车程可达森波拉温泉,森波拉奇妙世界,,附近还有田野绿,观音山,稍远还有金龟池,聚龙湾温泉｡
•走京广澳高速佛冈出口5公里直达碧桂园清泉城,到佛冈镇中心15-20分钟车程;也有专门大巴到达清泉城｡",,,,,,
清远恒大世纪旅游城古龙峡豪华度假别墅近新银盏温泉,"https://www.airbnb.cn/rooms/30761525?s=lL8DwLxp&guests=1&adults=1
",整栋别墅,4个卫生间,12张床,6间卧室,最多住15人,1380,0,,,,,,,
"英德温泉小镇圣诞主题套房,全新大三房,可烧烤,可做饭","https://www.airbnb.cn/rooms/30829879?s=lL8DwLxp&guests=1&adults=1
",整套公寓,2个卫生间,3张床,3间卧室,最多住6人,488,0,,"往前200米可到达网红宝墩湖酒店度假村,里面有温泉,还有网红拍照胜地,环境优美,500米可到达奇洞温泉度假村,设施完善,环境优美!温泉是国家级的哦~",,,,,
【倾心.之家】近玻璃栈道.温泉.赢之城和顺盈广场,"https://www.airbnb.cn/rooms/30928130?s=lL8DwLxp&guests=1&adults=1
",整套公寓,1间卫生间,1张床,1间卧室,最多住2人,98,0,"房间总面积49平方,现代小清新风格的装修,房间全新宽敞明亮,配备舒适的1米8大床和床铺,相信你一定会舒舒服服的睡个好觉!大景观露台,免费百兆WIFI! 床品每客更换,清洁,每日都有专职阿姨打扫房间,保证卫生条件! 餐厅厨房设备齐全",,"出公寓大门右手边就有个公交车站,公交站经常有出租车经过!",,,,
英德蝴蝶谷一间野墅,"https://www.airbnb.cn/rooms/30964203?s=lL8DwLxp&guests=1&adults=1
",原生宅穴,1间卫生间,2张床,2间卧室,最多住6人,888,0,"独家秘境,原生宅穴,位于广东省清远市蝴蝶谷内,秘境内无信号,游玩路线属独家开发,无工作人员带领,个人或车辆无法进入,适合封闭式度假放松,宁静安逸,不受外界任何干扰｡

娱乐活动(自选):看书(建议自带),游船,游泳戏水､烧烤､露营､采摘新鲜水果､逛茶园､采蘑菇等｡

管家式服务,专人管理,提供向导､司机､下厨､开船､摄影､清洁､安保等一体式配套服务｡可另外提供接送机､广东及周边旅游定制等服务｡

食物均产自乡下农家,原生态新鲜,可根据客人需求,提供不同菜式｡

所有床单被套､洗漱用品等日用品均为高级环保材质,洗漱用品用完后可带回家继续使用｡

全国预订,可住2-6人｡联系电话: (Phone number hidden by Airbnb) (古小姐)","一间野墅视频链接:

其他相关视频:
 (Website hidden by Airbnb)",,,,,
古龙峡漂流(玻璃栈道)清泉湾景点:竹溪小栈两房一厅,"https://www.airbnb.cn/rooms/30974177?s=lL8DwLxp&guests=1&adults=1
",农家房,1间卫生间,4张床,2间卧室,最多住6人,600,0,"空气清新而宁静,整栋房子被竹海围绕着,每一口呼吸都是满满的负离子,附近有好几公里的小溪流水,可以溹溪,玩水,爬山,看瀑布,独栋超大院子,可以骑单车,打篮球,羽毛球,乒乓球,一楼两个客厅,有桌面足球,电动麻将机｡三楼超大天台,风景秀丽,满眼绿色,阳光房里有茶道,卡拉OK｡可做饭,烧烤,烤全羊｡晚上娱乐和客房分隔开两个区域,互不干扰｡院子后面也有清澈的小溪流水,可以玩水,溪边烧烤,在超大的平台可以欣赏到青山绿水的风景｡门前菜地,后院小溪边随便找个地,起个火炉,煨鸡､煨番薯､做竹筒饭,找回儿时的乐趣｡小栈旁边步行5分钟有个超级无敌一千多平米的山泉水大游泳池,快和伙伴们来飚泳技吧!附近有两大漂流景点,古龙峡(玻璃栈道)和清泉湾水上世界,最适合朋友聚会,一家大小休闲娱乐｡","远离喧嚣的城市,车水马龙,这里空气清新而宁静,有清澈的小溪,喝的用的都是山泉水,离著名景点古龙峡漂流和清泉湾只有十多分钟车程｡","有高速和低速,高速走清连互通,龙颈､珠坑出口,低速走古龙峡方向｡",,,,
"天空之城,森林里的复式观景微墅,佛冈碧桂园聚会度假趴体好嗨哦","https://www.airbnb.cn/rooms/31065312?s=lL8DwLxp&guests=1&adults=1
",整间Loft,1间卫生间,3张床,2间卧室,最多住4人,497,1,"距离广州､佛山仅一个多小时路程,在森系度假区里的难得好户型,双层窗宽大视野观景,边位明亮,休闲阳台,二楼两个独立卧室,冰箱､空调､电视､WiFi､洗衣机均有,高档床垫,舒适床品,不靠马路,环境安静,在清新空气中的森林微墅尽享舒适睡眠｡公共区域有山泉水泳池､休闲会所,小区温泉､景观湖､登羊角山､英伦小镇写真…天然､富氧､健康｡您带家人或朋友小聚,尽享自驾游的乐趣｡",山泉水泳池､休闲会所､温泉､半山网球场､篮球场､足球场,"因为度假区面积较大,建议自驾游｡也有3路公交车直达｡",,,,
佛冈碧桂园清泉城绿野仙踪度假屋,"https://www.airbnb.cn/rooms/31068074?s=lL8DwLxp&guests=1&adults=1
",整套酒店式公寓,1间卫生间,2张床,2间卧室,最多住3人,111,2,"佛冈碧桂园清泉城的山居小两房一厅,设施新,空气好｡","进入碧桂园大道前行3分钟,左手边3号岗入口｡森林度假区里的山景房,安静,空气好｡","楼下有停车位｡1小时之内免费｡超过1小时候后1元每小时,单次12小时内,3元封顶｡",,,,
"景观美丽的北欧风度假屋,碧桂园清泉城网红民宿","https://www.airbnb.cn/rooms/31068338?s=lL8DwLxp&guests=1&adults=1
",整套酒店式公寓,1间卫生间,2张床,2间卧室,最多住3人,362,0,"佛冈碧桂园清泉城的北欧风度假美舍,适合情侣或者一家三口入住","森林度假区里的山景房,安静,空气好｡","楼下有停车位｡1小时之内免费｡超过1小时候后1元每小时,单次12小时内,3元封顶｡",,,,
暖窝,"https://www.airbnb.cn/rooms/31242949?s=lL8DwLxp&guests=1&adults=1
",整套公寓,1间卫生间,1张床,1间卧室,最多住2人,168,1,"暖窝位于京港澳高速佛冈出口北上106国道5公里处,交通便利,环境优美,是旅游度假的好地方｡奥园周围有许多各具特色的农家乐,满足您不用胃口的需要｡附近还有著名的森波拉度假区,分分钟让您流连忘返｡","奥园环境优美,周边有许多农家乐,还有著名的森波拉度假区｡方圆十公里内,有聚龙湾度假区､观音山､王山寺､荷花小镇､上岳古民居､金龟泉､田野绿世界等著名景点｡","奥园有保安24小时巡逻,设有门禁,客人必须刷卡出入,公寓前面有许多停车位,我会为你提供免费停车｡如果你是环保人士,出了公寓,步行五分钟来到国道边,非常多公交经过,完全满足你出行的需要｡",,,,
"清远市佛冈清泉城文艺型独栋温泉别墅带KTV.麻将台,独栋220平方,花园250平方｡","https://www.airbnb.cn/rooms/31457262?s=lL8DwLxp&guests=1&adults=1
",整栋别墅,3个卫生间,7张床,4间卧室,最多住13人,900,0,,,,,,,
清远佛冈碧桂园4房别墅独栋酒店度假带麻将烧烤【全新装修】,"https://www.airbnb.cn/rooms/31477228?s=lL8DwLxp&guests=1&adults=1
",整栋别墅,4个卫生间,7张床,4间卧室,最多住13人,999,0,"独立别墅多种风格:带麻将,烧烤炉,KTV,乒乓球等
这里独栋别墅,视野开阔,四周群山环绕,景色优美,是旅游度假聚会的好地方
周边旅游资源丰富,聚集了凤凰湾温泉,森波拉奇妙世界､观音山风景区､聚龙湾度假区等","地址:清远佛冈碧桂园林泉谷5号
路线:导航至碧桂园,有个【森林里】的大牌子的小区,转入小区,第一个路口右转第三间别墅","文通便利,由京珠高速至广州仅1小时左右车程,通往深圳､东莞､佛山等地仅需1.5-2.5小时｡距离佛冈县城10分钟车程｡
周边旅游资源丰富,聚集了凤凰湾温泉,森波拉温泉度假村､聚龙湾天然温泉度假村､观音山省级风景区､龙啸峡漂流､田野绿世界等旅游度假项目｡",,,,
巴厘岛鸣泉居独栋五房别墅,"https://www.airbnb.cn/rooms/31498477?s=lL8DwLxp&guests=1&adults=1
",整栋别墅,4个卫生间,6张床,5间卧室,最多住12人,3080,0,"碧桂园·清泉城坐落于佛冈之“三大旅游经济圈”中的“羊角山森林闲情山水旅游经济圈”,山水环境得天独厚,背靠3万亩羊角山森林国家公园,空气质量8倍优于广州(PM2.5仅0.002,负氧离子浓度高达31500个/cm³),内部餐饮商超等生活设施配套齐全,经由京珠高速至广州市区仅需1小时车程｡","巴厘鸣泉居处清泉城内半山别墅,山水环境得天独厚,背靠3万亩羊角山森林国家公园,空气质量8倍优于广州(PM2.5仅0.002,负氧离子浓度高达31500个/cm³)",,,,,
清远碧桂园温泉度假欧式三房,"https://www.airbnb.cn/rooms/31554434?s=lL8DwLxp&guests=1&adults=1
",整套公寓,1间卫生间,3张床,3间卧室,最多住5人,399,0,"位与清远碧桂园清泉城内,开车3 分钟能到森波拉｡下楼即到英伦小镇",,,,,,
清远佛冈碧桂园7房露天大温泉池独立KTV别墅19街8号,"https://www.airbnb.cn/rooms/31575242?s=lL8DwLxp&guests=1&adults=1
",整栋别墅,1间卫生间,13张床,7间卧室,16位及更多房客,1999,0,"别墅独栋以东南亚风格为主,环境优美且舒适,厨房可做饭,wifi覆盖｡内有麻将,KTV,花园带私人泡池,提供电烤炉烧烤,活动场地足够!","周边配套丰富,有购物广场 超市 商业街 医院等｡除碧桂园大道5分钟左右有一大片农庄,具有特色的臭屁醋,三斤鸡等推荐尝试哦!","走京广澳高速佛冈出口5公里直达碧桂园清泉城,到佛冈镇中心15-20分钟车程､也有专门大巴到达清泉城",,,,
碧桂园清泉城6房欧式温泉池KTV别墅19街6号,"https://www.airbnb.cn/rooms/31576054?s=lL8DwLxp&guests=1&adults=1
",整栋别墅,3个卫生间,11张床,6间卧室,最多住13人,1750,0,"别墅独栋以欧式东南亚风格为主,环境优美且舒适,厨房可以做饭,wifi覆盖｡内有麻将,KTV,花园带私人泡池,提供电烤炉烧烤,活动场地足够!","周边配套丰富,有购物广场 商业街 超市 医院等｡出碧桂园大道5分钟左右有一片农庄,具有特色臭屁醋,三斤鸡等推荐尝试哦!",,,,,
奇洞温泉汤山别院别墅整栋含八人溶洞温泉,"https://www.airbnb.cn/rooms/31581861?s=lL8DwLxp&guests=1&adults=1
",度假村里的独立房间,3个卫生间,4张床,4间卧室,最多住8人,2688,0,"奇洞温泉小镇是国家AAAA级景区,是广东省内以自然溶洞生态景观为主题的温泉度假区｡可让都市人逃脱烦嚣､寻找静逸｡度假区建筑风格糅合了东南亚及客家民居的特色,将石英溶洞､田园风光､温泉池､度假别墅完美结合,质朴典雅｡

私密空间,聚会party详情:

设施:免费WiFi,书房､厨房､自动麻将厅､露台､车库一应俱全,还有一个独立的带温泉池的小庭院;(含一池温泉水)

厨房:厨房设施齐全,有电磁炉､烧烤炉､锅碗瓢盆等,免费使用(客人需要自备食材),无需另收清洁费;

烧烤:烧烤炉免费使用,需提前与管家预约｡需自备一次性碗筷､食材和配料等,无需另收清洁费｡

不含早餐,含溶洞露天温泉区门票和水上乐园门票,详细请咨询客服


温馨提示:
1､入住时需交500元押金,退房时无损坏任何物品则全额退还;
2､证件及贵重物品请随身携带以免丢失;
3､入住时需出示身份证登记(一人一证)｡


房屋使用权限

别墅,厨房烹饪,独立温泉池,自动麻将,烧烤炉具,户外花园  点击本人头像可预订一间卧室和其他房源哦","安静,世外桃源",,,,,
恒大生态城(古龙峡､云天玻霸玻璃桥､清泉湾､英西峰林､太和古洞)温馨湖山景观4房1厅3卫套房,"https://www.airbnb.cn/rooms/31654092?s=lL8DwLxp&guests=1&adults=1
",整套酒店式公寓,3个卫生间,6张床,4间卧室,最多住13人,568,1,"周边古龙峡漂流､云天玻霸玻璃桥,清泉湾､龙腾峡10分钟车程,英西峰林､牛鱼嘴､太和古洞20~30分钟车程｡生态城内有山顶公园爬山､开心农场烧烤钓鱼､中心湖划船､恒温泳池､KTV､美食街､华润万家､农贸特产市场应有尽有,方便至极,如果幸运的话还会有小松鼠与您对视,极致的生态环境让您体验与大自然最亲密的接触!","周边古龙峡漂流､云天玻霸玻璃桥,清泉湾､龙腾峡10分钟车程,英西峰林､牛鱼嘴､太和古洞20~30分钟车程｡生态城内有山顶公园爬山､开心农场烧烤钓鱼､中心湖划船､恒温泳池､KTV､美食街､华润万家､农贸特产市场应有尽有,方便至极,如果幸运的话还会有小松鼠与您对视,极致的生态环境让您体验与大自然最亲密的接触!","广州①可在地铁2号线越秀公园站A出口右手边50米坐直达楼巴到恒大生态城
②自驾广清~清连高速龙颈出口右手边300米到达园区
③高铁广州南站到清远站约滴滴快车或滴答顺风车到达园区
④深圳､珠海可参考以上路线",,,,
恒大生态城(古龙峡､云天玻霸玻璃桥､清泉湾､英西峰林､太和古洞旁)温馨3房1厅2卫套房,"https://www.airbnb.cn/rooms/31654512?s=lL8DwLxp&guests=1&adults=1
",整套酒店式公寓,2个卫生间,4张床,3间卧室,最多住8人,498,0,"周边古龙峡漂流､云天玻霸玻璃桥,清泉湾､龙腾峡10分钟车程,英西峰林､牛鱼嘴､太和古洞20~30分钟车程｡生态城内有山顶公园爬山､开心农场烧烤钓鱼､中心湖划船､恒温泳池､KTV､美食街､华润万家､农贸特产市场应有尽有,方便至极,如果幸运的话还会有小松鼠与您对视,极致的生态环境让您体验与大自然最亲密的接触!","周边古龙峡漂流､云天玻霸玻璃桥,清泉湾､龙腾峡10分钟车程,英西峰林､牛鱼嘴､太和古洞20~30分钟车程｡生态城内有山顶公园爬山､开心农场烧烤钓鱼､中心湖划船､恒温泳池､KTV､美食街､华润万家､农贸特产市场应有尽有,方便至极,如果幸运的话还会有小松鼠与您对视,极致的生态环境让您体验与大自然最亲密的接触!","广州①可在地铁2号线越秀公园站A出口右手边50米坐直达楼巴到恒大生态城
②自驾广清~清连高速龙颈出口右手边300米到达园区
③高铁广州南站到清远站约滴滴快车或滴答顺风车到达园区
④深圳､珠海可参考以上路线",,,,
巴厘云泉谷9房14床,"https://www.airbnb.cn/rooms/31662965?s=lL8DwLxp&guests=1&adults=1
",整栋别墅,7个卫生间,14张床,9间卧室,16位及更多房客,7880,0,"9房14床,内设封闭式KTV房,可唱通宵｡
内设独立泡茶室,独立会议厅､吧台､宴席布置
2个房间设有独立温泉泡池｡
室外溫泉泡池及無邊泳池",云泉谷山顶别墅,,,,,
连江口温泉入户房,"https://www.airbnb.cn/rooms/31791617?s=lL8DwLxp&guests=1&adults=1
",整套房子,1.5个卫生间,4张床,2间卧室,最多住4人,380,1,"东南亚装饰风格,温泉水入户,附属设施有餐厅.特色温泉池.泳池.游艇俱乐部.KTV｡",在国家级特色小镇观江河晚霞落日与渔夫村夫为邻体验慢生活｡,"自驾高速可走广乐,国道可走G240｡",,,,
山居小院,"https://www.airbnb.cn/rooms/31821600?s=lL8DwLxp&guests=1&adults=1
",农家房,1间卫生间,2张床,2间卧室,最多住4人,266,3,"此房源是用老泥砖房改建的,全部用原木装修环保健康,房间干净整洁,房内设有可以泡功夫茶茶具,房源附近是罗坑湖和罗坑大草原,方圆一公里内可到大岩洞,书房岩探险","山居小院位于黄屋村内,是一个客家人均为黄家姓的村落,村是被罗坑湖､大草原､茶园包围,环境优美",自驾游的有免费停车位提供,,,,
山居小院3,"https://www.airbnb.cn/rooms/31821614?s=lL8DwLxp&guests=1&adults=1
",农家房,1间卫生间,3张床,2间卧室,最多住6人,280,0,"此房源是用老泥砖房改建的,全部用原木装修环保健康,房间干净整洁,房内设有可以泡功夫茶茶具,房源附近是罗坑湖和罗坑大草原,方圆一公里内可到大岩洞,书房岩探险","山居小院位于黄屋村内,是一个客家人均为黄家姓的村落,村是被罗坑湖､大草原､茶园包围,环境优美",自驾游的有免费停车位提供,,,,
清远碧桂园   忙里偷闲的好去处,"https://www.airbnb.cn/rooms/31874126?s=lL8DwLxp&guests=1&adults=1
",整栋别墅,3个卫生间,7张床,4间卧室,最多住10人,618,0,"坐落于佛冈,山水环境得天独厚,背靠3万亩羊角山森林国家公园,空气净化指数是广州市区的8倍,楼盘周边餐饮,娱乐一应俱全｡绿道单车､儿童乐园､温泉会所､风情商业街､美食农庄样样具备｡","碧桂园内有个英伦小镇,都是一些欧式建筑,可以去走走逛逛,拍拍照｡

还有一个大的温泉谷,叫凤凰湾,需要买票进场,价格浮动,可以找管家代买｡距离碧桂园5分钟车程可到达森波拉温泉,森波拉奇妙世界(主要玩机动游戏,还有冰川水上世界),也可以找管家代买门票｡

附近还有观音山,田野绿,适合爬山看风景｡稍微远点的还有金龟池温泉,聚龙湾温泉｡

碧桂园距离黄腾峡漂流要一个半小时,古龙峡要两个小时","别墅内可以停放两台车,10元一台
是碧桂园的收费并非我们收",,,,
清远碧桂园/公寓/亲近大自然的地方,"https://www.airbnb.cn/rooms/31918720?s=lL8DwLxp&guests=1&adults=1
",整套公寓,1间卫生间,3张床,3间卧室,最多住6人,368,0,"整个房子氛围温馨,光线充足｡窗外可见羊角山森林国家公园｡室内设施齐全,满足日常需求,配有自动麻将台供你们玩耍",,,,,,
趣墅清泉城·庐海墅6房10床KTV烧烤泳池温泉别墅适合团建聚会 轰趴度假,"https://www.airbnb.cn/rooms/32027119?s=lL8DwLxp&guests=1&adults=1
",整栋别墅,5个卫生间,10张床,6间卧室,最多住15人,1680,0,"趣墅,全国领先的别墅度假品牌｡作为“趣味度假魔法师”的首倡者,我们希望为客人带来有趣而美好的度假体验｡无论是家庭度假､亲友聚会､公司欢聚,或是商务接待等,趣墅都能为你提供完美的度假地｡目前,趣墅已遍布华南热门旅游目的地,在线精品别墅超过1000栋,服务人次超过60万｡同时,趣墅也即将进驻三亚､杭州､成都､重庆等地,让更多人可以睡进有趣的度假别墅,躺进1000种理想生活里｡

清远佛冈碧桂园清泉城别墅,由碧桂园集团打造的大型度假新城,依山而建､全新装饰而成的私家别墅｡碧桂园·清泉城最大限度保留了地块原有的地形地貌,四周群山环抱,山色连绵｡别墅依山依势而筑,潺潺溪水蜿蜒其中,家家观景､户户亲水｡","【浈阳峡旅游小镇】位于清远英德市连江口镇北,是集旅游､住宿､餐饮､购物､会议､休闲娱乐为一体的多功能休闲度假区｡
【观音山王山寺】观音山为广东的八大名山之一,海拔1288米,是著名的佛教名山｡景区还有一系列的旅游项目｡
【上岳村】是一个有着720年历史的古村落｡它始建于宋代,于清朝达到鼎盛时期｡村内108座古民居掩卧在桔果树丛中,前塘后山的布局,蕴含着藏风纳水的寓意｡
【飞来峡】飞来峡风景区位于清远城上游20多公里的北江河段,是省级风景名胜区和旅游度假区,是道教第十九福地｡","佛冈碧桂园清泉城
广州出发:华南快速干线(或机场高速)---京珠高速(北行)---佛冈出口---右转沿106国道走5公里---碧桂园清泉城
佛山出发:北二环---京珠高速(北行)---佛冈出口---右转沿
106国道走5公里---碧桂园清泉城
东莞深圳出发:广深高速---北二环---京珠高速(北行)---佛冈出口---右转沿106国道走5公里---碧桂园清泉城",,,,
趣墅清泉城·逸林墅6房11床KTV烧烤温泉别墅<近森波拉温泉､英伦小镇> 适合团建聚会 轰趴度假,"https://www.airbnb.cn/rooms/32027771?s=lL8DwLxp&guests=1&adults=1
",整栋别墅,5个卫生间,11张床,6间卧室,最多住15人,1680,0,"趣墅,全国领先的别墅度假品牌｡作为“趣味度假魔法师”的首倡者,我们希望为客人带来有趣而美好的度假体验｡无论是家庭度假､亲友聚会､公司欢聚,或是商务接待等,趣墅都能为你提供完美的度假地｡目前,趣墅已遍布华南热门旅游目的地,在线精品别墅超过1000栋,服务人次超过60万｡同时,趣墅也即将进驻三亚､杭州､成都､重庆等地,让更多人可以睡进有趣的度假别墅,躺进1000种理想生活里｡

清远佛冈碧桂园清泉城别墅,由碧桂园集团打造的大型度假新城,依山而建､全新装饰而成的私家别墅｡碧桂园·清泉城最大限度保留了地块原有的地形地貌,四周群山环抱,山色连绵｡别墅依山依势而筑,潺潺溪水蜿蜒其中,家家观景､户户亲水｡","【浈阳峡旅游小镇】位于清远英德市连江口镇北,是集旅游､住宿､餐饮､购物､会议､休闲娱乐为一体的多功能休闲度假区｡
【观音山王山寺】观音山为广东的八大名山之一,海拔1288米,是著名的佛教名山｡景区还有一系列的旅游项目｡
【上岳村】是一个有着720年历史的古村落｡它始建于宋代,于清朝达到鼎盛时期｡村内108座古民居掩卧在桔果树丛中,前塘后山的布局,蕴含着藏风纳水的寓意｡
【飞来峡】飞来峡风景区位于清远城上游20多公里的北江河段,是省级风景名胜区和旅游度假区,是道教第十九福地｡","佛冈碧桂园清泉城
广州出发:华南快速干线(或机场高速)---京珠高速(北行)---佛冈出口---右转沿106国道走5公里---碧桂园清泉城
佛山出发:北二环---京珠高速(北行)---佛冈出口---右转沿
106国道走5公里---碧桂园清泉城
东莞深圳出发:广深高速---北二环---京珠高速(北行)---佛冈出口---右转沿106国道走5公里---碧桂园清泉城",,,,
竹林农家乐 单间独栋 特色民宿,"https://www.airbnb.cn/rooms/32033335?s=lL8DwLxp&guests=1&adults=1
",农家乐里的独立房间,1个独立卫生间,2张床,1间卧室,最多住4人,188,0,,,,,,,
清远森波拉温泉公寓,"https://www.airbnb.cn/rooms/32070569?s=lL8DwLxp&guests=1&adults=1
",整套公寓,1间卫生间,4张床,2间卧室,最多住4人,298,0,高层140平米两房两厅一厨一卫两阳台的房子休闲阳台､温馨气氛､冷暖空调､有冰箱等｡碧桂园附近有温泉♨附近有著名森波拉温泉 非常便捷!无论家庭出游､朋友小聚都能给您带来温暖美好的小旅程,周末节假日的吸氧好去处  附近有著名的森波拉温泉♨森林公园 英伦小镇,,,,,
英德连江口镇云海碱泉养生公馆·私家温泉·北江温泉.江景如画.全江景1幢1004房,"https://www.airbnb.cn/rooms/32079038?s=lL8DwLxp&guests=1&adults=1
",整套公寓,2个卫生间,3张床,3间卧室,最多住6人,300,4,"此房位于英德连江口镇,北江边上｡主打温泉主题,是世界稀有碱性温泉,楼下有近二十个温泉池｡温泉旁,有无边际游泳池,与北江风光融为一体｡住宅入户花园配有私人温泉池,阳台和房间能看到一线江景｡私家温泉25元每方(每晚八点至十点供温泉水),公共温泉68元每人次,业主或业主朋友(能讲对房间号､业主姓名和电话为准)15元每人次,早中晚均开放｡有两套民宿,一套一线临江,风景如画;一套南北通透,北江风光｡沿江边步道慢行十多分钟,可到浈阳风景区,沿江水而下开车五分钟,可到大樟沙滩游乐场｡","从江边步道走十分钟可到浈阳峡风景区,沿江开车五分钟可到大樟沙滩游乐场｡","一般来说,开车前来最方便｡从机场高速到昌广高速,江口镇下高速,走国道直达｡全程一个半小时｡也可广州南坐高铁到英徳西站,打的约25分钟到达民宿｡",,,,
英德连江口镇云海碱泉养生公馆·私家温泉·北江温泉.南北通透.半江景2幢1602房,"https://www.airbnb.cn/rooms/32080516?s=lL8DwLxp&guests=1&adults=1
",整套公寓,2个卫生间,3张床,3间卧室,最多住6人,250,4,"此民宿位于英德连江口镇,北江边｡主打温泉主题,有近二十个不同功能的温泉池,是世界稀有的碱性温泉｡温泉旁边有无边际游泳池,与连江风光融为一体｡住宅入户花园配有私人温泉池｡阳台和房间能看到一线江景｡室内温泉25元每立方,每晚八点至十点供温泉水｡公共温泉68元每人次,业主或业主朋友(以能说出房间号､业主姓名和手机号码为准)15元每人次,每天早中晚均开放｡共有二套民宿,一套一线江景,风景如画;一套南北通透,夏日清凉,北江风光｡",,,,,,
森波拉碧桂园一楼花园三房洋房,"https://www.airbnb.cn/rooms/32168471?s=lL8DwLxp&guests=1&adults=1
",整套公寓,1间卫生间,4张床,3间卧室,最多住3人,580,0,,,,,,,
步行街单间公寓,"https://www.airbnb.cn/rooms/32179114?s=lL8DwLxp&guests=1&adults=1
",整套公寓,1间卫生间,1张床,单间公寓,最多住2人,70,0,"这个房子重新装修布置,位于步行街,楼下就是吃逛一条街,还免费停车,适合出差商务","步行街就在隔壁,真是旺中带静",,,,,
恒大好自然优雅居,"https://www.airbnb.cn/rooms/32296869?s=lL8DwLxp&guests=1&adults=1
",整套房子,1间卫生间,2张床,2间卧室,最多住4人,398,0,"房屋位于清连高速龙颈出口右转一公里左右的恒大金碧天下园区内,面积83平方二房一厨一卫,全新简约风格装修设计,配有全屋冷暖空调,50寸电视机,冰箱,洗衣机,厨房设备齐全,为您商旅亲朋小聚增添温馨的感觉｡
房屋建议入住人数4~6人,不加床,如需更多房间请点击房东头像联系我","房屋位于森林覆盖率达百分之二十以上,空气清新宜人的恒大小区内,小区内有多个公园和儿童游乐场,毗邻恒大足球学校,古龙峡,清泉湾等多个旅游景点,园区内有休闲中心,运动中心等休闲娱乐场所,也有华润万家,农贸超市,也可到小区外两三公里的圩镇自购食材回家制作美味佳肴","园区内每天有多班楼巴往返于广州以太广场和清新体育馆,具体时间欢迎随时咨询,清远市区312公交车线路在恒大金碧天下(即小区门口)也有停靠站点,如有需要我也可以在小区门口迎接你们",,,,
【宝晶宫/温泉】英德/市中心/城市广场/复式公寓/100㎡,"https://www.airbnb.cn/rooms/32430350?s=lL8DwLxp&guests=1&adults=1
",整间Loft,1间卫生间,3张床,2间卧室,最多住6人,138,2,"房子位于英德市中心,小复式公寓,实用面积超过100平方米｡房东(小主)购置后,从复式楼层结构､水电设计(小主主修数学,学过物理)到后期软装设计都是亲自设计,用料十足｡现代化的风格,适合和朋友一起小聚(投影或大电视看球赛,配优质音响､IPTV直播)､给小朋友过生日会｡当然来英德旅行的您也建议考虑体验,这离英德宝晶宫10公里左右~~",,"1､自驾车的话,房子在英德市中心,英州大道边上,定位英德城市广场即可｡2､高铁站(英德西站),出站后滴滴,车程约12分钟,8公里,大概25块以内,当然可以公交车,2块｡",,,,
红尘碾-花园民宿,"https://www.airbnb.cn/rooms/32430377?s=lL8DwLxp&guests=1&adults=1
",整栋别墅,3个卫生间,8张床,4间卧室,最多住8人,3880,0,,,私家车自驾,,,,
宝晶宫附近英德市区现代风装修三房两厅两卫,"https://www.airbnb.cn/rooms/32685640?s=lL8DwLxp&guests=1&adults=1
",整套公寓,2个卫生间,3张床,3间卧室,最多住6人,438,1,"房子是花园小区房,高层,室内装修简单好看,房子里面都是名牌的家具｡",家的感觉,"楼下有公交站台,去火车站､汽车站､高铁站都挺近的｡",,,,
清远/英德/英西峰林走廊/峰林里艺术空间,"https://www.airbnb.cn/rooms/32710529?s=lL8DwLxp&guests=1&adults=1
",度假村里的独立房间,1个独立卫生间,2张床,1间卧室,最多住4人,150,1,"房间最让我喜欢的是打开窗就仿佛在水上,在山边,有种在洱海边的错觉!因为我本身一直渴望田园牧歌的生活,当发现这里山水之间仿若在水墨画里,立即决定投入自己全部的热情打造一个舒适放松的空间,让来的朋友都能享受到自己喜欢的一段时光,在这里,可以喝着茶望着置身其中的山水发发呆,可以对着眼前的美景画一幅水墨丹青,可以在阳台享受垂钓的乐趣,可以围着篝火在田园里唱歌跳舞,可以出门沿着小赵州桥走一走广东驴友钟爱的徒步路线,一路欢歌笑语,我希望每一个房客都成为这个空间的朋友,也都互相成为朋友!","宁静的山水空间,雨后如置身水墨画中,清晨各种鸟鸣如置身音乐会,山水的倒影美到让人流连忘返!这里得到很多摄影发烧友的青睐!也有很多素描爱好者驻足,在这静静的一画就是一个下午......美妙幸福的空间邀你来赏!","自驾车游玩的客人可以直接导航到英德黄花镇黄花公园即可｡
如果坐公共交通工具游玩的客人,可以从各地的汽车站买到黄花镇的车票即可｡",,,,
英德市新天地120平三房两卫,"https://www.airbnb.cn/rooms/32733740?s=lL8DwLxp&guests=1&adults=1
",整套公寓,2个卫生间,3张床,3间卧室,最多住6人,438,0,"房子本来是自住的,因为工作不在英德所以很少回来住想着空着也是空着才拿出来出租的｡全屋装修都是按照居家的装修｡","楼下200米左右有菜市场､新天地公园,公园里面有篮球场｡也可以去逛月桂湖公园｡",距离200米左右安居东门有4路公交车(城南市场~高铁站(英德西))､5路公交车(城西客运站~英德火车站)､6路公交车(大站政府~马口路口)､7路公交车(西庙~安居东门),,,,
望埠宝墩湖温泉度假酒店旁三房两卫简约风装修,"https://www.airbnb.cn/rooms/32747721?s=lL8DwLxp&guests=1&adults=1
",普通民宅里的独立房间,1个独立卫生间,3张床,3间卧室,最多住6人,438,0,"房子清新居家风格,居住舒适,房子家私家电齐全拎包入住｡距离望埠镇宝墩湖温泉小镇200米,距离望埠镇英石园800米,距离中国女足基地113一千五百米｡可以烧烤聚餐｡出行旅游不错的地方｡","距离望埠的各大景点的近,楼下有本地特色菜随时可以享用｡","从果宿出来走1500米到达车站再坐车到英德市区,英德市区有汽车站,火车站,轻轨站｡",,,,
清泉城碧桂园巴厘岛豪华9房14床温泉别墅,"https://www.airbnb.cn/rooms/32792331?s=lL8DwLxp&guests=1&adults=1
",城堡,1间卫生间,14张床,9间卧室,16位及更多房客,7880,0,,,,,,,
浛洸欢乐民宿,"https://www.airbnb.cn/rooms/32825224?s=lL8DwLxp&guests=1&adults=1
",公寓里的独立房间,2个独立卫生间,3张床,3间卧室,最多住6人,468,0,,,,,,,
近天门沟 湖蝶谷,"https://www.airbnb.cn/rooms/32825865?s=lL8DwLxp&guests=1&adults=1
",公寓里的独立房间,2个卫生间,3张床,3间卧室,最多住6人,469,0,,,,,,,
佛冈清泉城巴厘岛豪华别墅7房 带温泉､泳池,"https://www.airbnb.cn/rooms/32852577?s=lL8DwLxp&guests=1&adults=1
",度假村里的独立房间,3.5个共用卫生间,11张床,7间卧室,最多住14人,7800,0,"佛冈碧桂园内巴厘岛风格度假别墅7房11床内配套设施有厨房､泳池､温泉池､烧烤等设施,离白云机场约1.5小时车程,离珠三角约2小时内车程交通便利,周边有森波拉､观音山等景区",,,,,,
英德明珠步行街附近精装田园小清新风格两房,"https://www.airbnb.cn/rooms/32965273?s=lL8DwLxp&guests=1&adults=1
",整套公寓,1间卫生间,2张床,2间卧室,最多住4人,338,0,"房子简单居家装修,朝南,标准的两房两厅｡干净､整洁｡","维港半岛小区环境好,有24小时保安巡逻｡进门也是需要刷卡的｡小区内有花园有游泳池｡","楼下有公交车站台10路公交15分钟可以到英德火车站,11路公交车可以到城西客运站､英德高铁站､英德火车站｡距离英德市汽车站步行800米｡",,,,
英德滨江公园旁维港半岛两房一卫,"https://www.airbnb.cn/rooms/33050272?s=lL8DwLxp&guests=1&adults=1
",整套公寓,1间卫生间,2张床,2间卧室,最多住4人,388,0,,,,,,,
#清远#森波拉奇妙世界 羊角山风景区佛冈碧桂园清泉城#清泉小筑# #温泉#许您美好假期｡,"https://www.airbnb.cn/rooms/8558497?s=lL8DwLxp&guests=1&adults=1
",整套房子,3个卫生间,6张床,2间卧室,最多住10人,1080,8,"温馨小屋坐落在碧桂园清泉城青山绿水的半山之间,主人为尊贵的客人准备了3间颇具欧美风情､简约格调的全实木装修的客房,其中2间客房带有雅致的阁楼,无论您是一家亲子出游或者情侣甜蜜度假又或三五知己休闲,都能轻松满足您……!热衷环保的主人全屋使用进口高品质的装修材料,很多家具更是亲力亲为全手工制作,令室内达到零甲醛环保标准;屋内自来水也是零污染纯净的山泉水…,打造出使您放心的住宿空间｡置身其中,使人身心愉悦仿佛融入到大自然的怀抱……,欢迎您亲临体验!",,,,,,
美好源自天然!清泉小筑让您自由亲近羊角山风景区森波拉奇妙世界的美景!,https://www.airbnb.cn/rooms/8993674?s=lL8DwLxp&guests=1&adults=1,自然旅社里的独立房间,1个独立卫生间,2张床,1间卧室,最多住5人,560,2,"清泉小筑坐落在碧桂园清泉城青山绿水的半山之间,简约格调的全实木装修的客房带有雅致的阁楼,无论您是一家亲子出游或者情侣甜蜜度假都能轻松满足您!欢迎您亲临体验｡",,,,,,