商品名称,合约代码,名次,期货公司会员简称,成交量,比上交易日增减,期货公司会员简称,成交量,比上交易日增减,期货公司会员简称,成交量,比上交易日增减,
铜                  ,cuall                         ,-1,期货公司  ,329497,73558,期货公司  ,353746,-477,期货公司  ,352473,-542,
铜                  ,cuall                         ,0,非期货公司,475,202,非期货公司,1096,-105,非期货公司,2369,-40,
铜                  ,cu1806                        ,1,金瑞期货  ,3333,588,金瑞期货  ,8850,-520,五矿经易  ,10096,-1297,
铜                  ,cu1806                        ,2,中信期货  ,3211,107,中信期货  ,5301,-589,中信期货  ,4493,-532,
铜                  ,cu1806                        ,3,中银国际  ,3012,1632,铜冠金源  ,4029,-34,金瑞期货  ,3938,-769,
铜                  ,cu1806                        ,4,东证期货  ,2951,-2561,国泰君安  ,3549,-665,格林大华  ,3814,-390,
铜                  ,cu1806                        ,5,鲁证期货  ,2870,738,国贸期货  ,3519,-31,中粮期货  ,3132,404,
铜                  ,cu1806                        ,6,海通期货  ,2724,765,中粮期货  ,2849,-330,海通期货  ,2753,-37,
铜                  ,cu1806                        ,7,五矿经易  ,2459,1120,五矿经易  ,2702,-98,华安期货  ,2645,-80,
铜                  ,cu1806                        ,8,国投安信  ,2149,1358,华安期货  ,1852,-202,建信期货  ,2623,-189,
铜                  ,cu1806                        ,9,铜冠金源  ,2112,462,迈科期货  ,1438,-21,国投安信  ,1760,161,
铜                  ,cu1806                        ,10,华安期货  ,1588,-272,方正中期  ,1386,-101,中银国际  ,1497,1,
铜                  ,cu1806                        ,11,华泰期货  ,1360,-290,一德期货  ,1322,15,云晨期货  ,1468,90,
铜                  ,cu1806                        ,12,迈科期货  ,1340,733,南华期货  ,1283,-45,兴业期货  ,1406,-132,
铜                  ,cu1806                        ,13,国泰君安  ,1176,-475,建信期货  ,1229,-68,兴证期货  ,1309,-84,
铜                  ,cu1806                        ,14,上海中期  ,1126,-233,永安期货  ,1138,-227,铜冠金源  ,1290,-156,
铜                  ,cu1806                        ,15,永安期货  ,1056,-68,弘业期货  ,1006,-14,鲁证期货  ,1233,71,
铜                  ,cu1806                        ,16,中粮期货  ,984,458,海通期货  ,1004,-5,广发期货  ,1184,-597,
铜                  ,cu1806                        ,17,方正中期  ,960,426,上海大陆  ,956,1,一德期货  ,1107,44,
铜                  ,cu1806                        ,18,银河期货  ,914,145,华泰期货  ,761,28,永安期货  ,913,-217,
铜                  ,cu1806                        ,19,光大期货  ,892,-70,银河期货  ,747,-403,中信建投  ,905,42,
铜                  ,cu1806                        ,20,中融汇信  ,856,373,国投安信  ,671,-16,中钢期货  ,756,-164,
铜                  ,cu1807                        ,1,中信期货  ,16271,5520,金瑞期货  ,14104,-563,海通期货  ,7465,-74,
铜                  ,cu1807                        ,2,海通期货  ,12330,4371,永安期货  ,5942,103,中信期货  ,7254,-179,
铜                  ,cu1807                        ,3,国投安信  ,11289,4224,中信期货  ,4262,188,永安期货  ,5966,470,
铜                  ,cu1807                        ,4,东证期货  ,8254,705,弘业期货  ,3148,-33,五矿经易  ,5147,612,
铜                  ,cu1807                        ,5,上海中期  ,5973,799,国海良时  ,2764,283,建信期货  ,4698,21,
铜                  ,cu1807                        ,6,中银国际  ,5049,-1943,国泰君安  ,2644,101,金瑞期货  ,4428,489,
铜                  ,cu1807                        ,7,中融汇信  ,5040,1296,兴证期货  ,2280,325,格林大华  ,3595,206,
铜                  ,cu1807                        ,8,兴证期货  ,4915,1731,华安期货  ,2099,73,宏源期货  ,2747,-29,
铜                  ,cu1807                        ,9,金瑞期货  ,4894,2086,南华期货  ,2061,-56,广发期货  ,2735,250,
铜                  ,cu1807                        ,10,鲁证期货  ,4742,1603,方正中期  ,1857,-249,混沌天成  ,2688,10,
铜                  ,cu1807                        ,11,方正中期  ,4314,-1268,倍特期货  ,1843,0,银河期货  ,2628,-3,
铜                  ,cu1807                        ,12,华泰期货  ,4024,325,银河期货  ,1720,293,华泰期货  ,2062,-57,
铜                  ,cu1807                        ,13,国泰君安  ,4017,556,一德期货  ,1666,129,东海期货  ,2055,3,
铜                  ,cu1807                        ,14,中辉期货  ,3784,569,海通期货  ,1605,160,方正中期  ,1857,-41,
铜                  ,cu1807                        ,15,铜冠金源  ,3232,1282,国投安信  ,1591,109,通惠期货  ,1758,164,
铜                  ,cu1807                        ,16,南华期货  ,2978,975,上海大陆  ,1385,-209,中粮期货  ,1723,-21,
铜                  ,cu1807                        ,17,华鑫期货  ,2943,1596,东海期货  ,1379,-130,瑞达期货  ,1635,32,
铜                  ,cu1807                        ,18,永安期货  ,2917,368,五矿经易  ,1238,-43,一德期货  ,1525,-971,
铜                  ,cu1807                        ,19,集成期货  ,2871,2825,华泰期货  ,1226,187,兴业期货  ,1510,356,
铜                  ,cu1807                        ,20,长江期货  ,2786,325,英大期货  ,1224,440,中金期货  ,1353,-143,
铜                  ,cu1808                        ,1,中信期货  ,4621,1310,金瑞期货  ,6323,15,混沌天成  ,3869,0,
铜                  ,cu1808                        ,2,东证期货  ,4492,-1911,银河期货  ,5319,-122,一德期货  ,3210,548,
铜                  ,cu1808                        ,3,海通期货  ,3655,137,方正中期  ,3610,-788,五矿经易  ,3073,440,
铜                  ,cu1808                        ,4,鲁证期货  ,3515,1248,弘业期货  ,3433,70,中粮期货  ,3030,-368,
铜                  ,cu1808                        ,5,永安期货  ,2541,871,上海大陆  ,3182,-50,海通期货  ,2944,224,
铜                  ,cu1808                        ,6,铜冠金源  ,2474,822,中信期货  ,3163,178,永安期货  ,2889,-1957,
铜                  ,cu1808                        ,7,上海中期  ,2324,-19,格林大华  ,3054,18,宏源期货  ,2841,15,
铜                  ,cu1808                        ,8,同信久恒  ,2186,219,道通期货  ,3041,1,国富期货  ,2747,8,
铜                  ,cu1808                        ,9,中银国际  ,1971,989,广发期货  ,2728,-25,中银国际  ,2438,0,
铜                  ,cu1808                        ,10,方正中期  ,1896,977,云晨期货  ,1989,25,中信期货  ,2417,5,
铜                  ,cu1808                        ,11,华泰期货  ,1858,-482,建信期货  ,1886,-89,建信期货  ,2237,125,
铜                  ,cu1808                        ,12,国投安信  ,1804,625,中钢期货  ,1840,1,瑞达期货  ,2224,0,
铜                  ,cu1808                        ,13,中粮期货  ,1496,1104,国泰君安  ,1458,2,迈科期货  ,2003,-3,
铜                  ,cu1808                        ,14,中辉期货  ,1284,418,同信久恒  ,1403,256,金瑞期货  ,1993,283,
铜                  ,cu1808                        ,15,广发期货  ,1004,409,中原期货  ,1140,20,方正中期  ,1845,56,
铜                  ,cu1808                        ,16,中融汇信  ,925,347,永安期货  ,919,44,中金期货  ,1690,-35,
铜                  ,cu1808                        ,17,东海期货  ,923,423,新湖期货  ,871,3,国贸期货  ,1648,53,
铜                  ,cu1808                        ,18,金瑞期货  ,776,455,华泰期货  ,855,58,广发期货  ,1597,381,
铜                  ,cu1808                        ,19,国海良时  ,747,615,瑞达期货  ,810,86,国投安信  ,1401,48,
铜                  ,cu1808                        ,20,兴业期货  ,742,580,国投安信  ,751,82,华金期货  ,1300,0,
铜                  ,cu1809                        ,1,中信期货  ,2538,3,格林大华  ,11025,6,中信期货  ,4280,137,
铜                  ,cu1809                        ,2,海通期货  ,2085,1018,中信期货  ,3682,201,一德期货  ,3675,507,
铜                  ,cu1809                        ,3,铜冠金源  ,1660,519,国贸期货  ,2279,-23,中粮期货  ,3616,64,
铜                  ,cu1809                        ,4,东证期货  ,1598,156,弘业期货  ,1952,116,宏源期货  ,3064,-27,
铜                  ,cu1809                        ,5,同信久恒  ,1478,577,金瑞期货  ,1488,112,五矿经易  ,2740,211,
铜                  ,cu1809                        ,6,中银国际  ,1464,1048,中信建投  ,1438,759,国富期货  ,2540,1253,
铜                  ,cu1809                        ,7,国富期货  ,1427,1220,方正中期  ,1247,563,同信久恒  ,1405,243,
铜                  ,cu1809                        ,8,鲁证期货  ,1399,334,中钢期货  ,1017,81,兴业期货  ,1379,16,
铜                  ,cu1809                        ,9,方正中期  ,1344,745,道通期货  ,1001,1,中国国际  ,1120,168,
铜                  ,cu1809                        ,10,上海中期  ,1195,84,广发期货  ,928,4,国贸期货  ,966,4,
铜                  ,cu1809                        ,11,中信建投  ,997,976,上海大陆  ,750,0,华泰期货  ,879,123,
铜                  ,cu1809                        ,12,一德期货  ,886,-903,云晨期货  ,717,50,东亚期货  ,817,0,
铜                  ,cu1809                        ,13,中辉期货  ,793,95,中粮期货  ,665,298,国泰君安  ,784,4,
铜                  ,cu1809                        ,14,新湖期货  ,573,348,兴业期货  ,605,292,海通期货  ,738,-10,
铜                  ,cu1809                        ,15,中融汇信  ,543,255,新湖期货  ,467,15,银河期货  ,736,46,
铜                  ,cu1809                        ,16,国投安信  ,512,133,东兴期货  ,409,13,铜冠金源  ,686,26,
铜                  ,cu1809                        ,17,兴证期货  ,475,-205,一德期货  ,375,19,金瑞期货  ,681,89,
铜                  ,cu1809                        ,18,华泰期货  ,466,57,海通期货  ,372,223,建信期货  ,637,60,
铜                  ,cu1809                        ,19,申万期货  ,460,280,迈科期货  ,363,2,光大期货  ,615,-9,
铜                  ,cu1809                        ,20,中粮期货  ,412,171,国泰君安  ,342,20,永安期货  ,570,-7,
铜                  ,cu1810                        ,1,同信久恒  ,323,150,格林大华  ,10998,0,五矿经易  ,1940,215,
铜                  ,cu1810                        ,2,东证期货  ,299,-147,永安期货  ,2075,7,广发期货  ,1359,-9,
铜                  ,cu1810                        ,3,中信期货  ,255,54,金瑞期货  ,316,0,方正中期  ,1215,1,
铜                  ,cu1810                        ,4,海通期货  ,236,90,南华期货  ,310,1,中钢期货  ,1111,0,
铜                  ,cu1810                        ,5,五矿经易  ,233,165,建信期货  ,245,17,同信久恒  ,1037,-24,
铜                  ,cu1810                        ,6,上海中期  ,153,148,中国国际  ,244,0,铜冠金源  ,992,-13,
铜                  ,cu1810                        ,7,中辉期货  ,130,12,同信久恒  ,240,33,中信期货  ,906,19,
铜                  ,cu1810                        ,8,中银国际  ,121,103,中信期货  ,216,46,迈科期货  ,874,0,
铜                  ,cu1810                        ,9,兴证期货  ,103,23,中粮期货  ,208,66,国贸期货  ,847,0,
铜                  ,cu1810                        ,10,方正中期  ,99,82,铜冠金源  ,188,44,永安期货  ,791,-19,
铜                  ,cu1810                        ,11,铜冠金源  ,89,-131,迈科期货  ,182,0,中粮期货  ,609,0,
铜                  ,cu1810                        ,12,西部期货  ,80,39,弘业期货  ,175,-4,华泰期货  ,561,6,
铜                  ,cu1810                        ,13,申万期货  ,70,37,中金期货  ,164,0,一德期货  ,513,3,
铜                  ,cu1810                        ,14,广发期货  ,69,19,申万期货  ,132,30,国泰君安  ,409,0,
铜                  ,cu1810                        ,15,中粮期货  ,66,-39,海通期货  ,109,1,南华期货  ,395,20,
铜                  ,cu1810                        ,16,金瑞期货  ,65,-5,新湖期货  ,104,2,国信期货  ,377,-1,
铜                  ,cu1810                        ,17,新湖期货  ,64,44,五矿经易  ,102,0,东证期货  ,358,6,
铜                  ,cu1810                        ,18,新世纪    ,60,58,金石期货  ,100,0,金瑞期货  ,355,7,
铜                  ,cu1810                        ,19,东兴期货  ,52,38,瑞龙期货  ,100,0,建信期货  ,300,0,
铜                  ,cu1810                        ,20,国富期货  ,49,-20,方正中期  ,98,-8,长江期货  ,291,0,
铜                  ,cu1812                        ,1,建信期货  ,664,664,格林大华  ,8554,0,国贸期货  ,6173,0,
铜                  ,cu1812                        ,2,中信期货  ,390,163,永安期货  ,2054,9,中信期货  ,2470,190,
铜                  ,cu1812                        ,3,铜冠金源  ,258,18,广发期货  ,1365,53,铜冠金源  ,2221,258,
铜                  ,cu1812                        ,4,徽商期货  ,205,108,首创期货  ,760,200,永安期货  ,1543,0,
铜                  ,cu1812                        ,5,首创期货  ,200,198,同信久恒  ,584,-24,中钢期货  ,633,-1,
铜                  ,cu1812                        ,6,海通期货  ,154,-10,银河期货  ,439,-14,中银国际  ,571,-1,
铜                  ,cu1812                        ,7,招金期货  ,135,110,光大期货  ,402,0,金瑞期货  ,547,0,
铜                  ,cu1812                        ,8,上海中期  ,83,-23,中信建投  ,348,0,迈科期货  ,523,4,
铜                  ,cu1812                        ,9,创元期货  ,78,78,东兴期货  ,313,-5,国泰君安  ,298,16,
铜                  ,cu1812                        ,10,广发期货  ,72,-17,招金期货  ,293,-124,国投安信  ,285,10,
铜                  ,cu1812                        ,11,银河期货  ,71,-60,弘业期货  ,287,0,瑞达期货  ,237,-16,
铜                  ,cu1812                        ,12,西部期货  ,64,10,五矿经易  ,141,31,建信期货  ,225,-664,
铜                  ,cu1812                        ,13,同信久恒  ,62,-25,徽商期货  ,140,-159,华泰期货  ,203,0,
铜                  ,cu1812                        ,14,安粮期货  ,53,43,国富期货  ,137,2,东证期货  ,128,-1,
铜                  ,cu1812                        ,15,国富期货  ,48,25,铜冠金源  ,123,0,首创期货  ,121,0,
铜                  ,cu1812                        ,16,五矿经易  ,43,-12,华泰期货  ,114,-11,银河期货  ,93,1,
铜                  ,cu1812                        ,17,中辉期货  ,40,-2,金瑞期货  ,111,0,新湖期货  ,80,0,
铜                  ,cu1812                        ,18,中粮期货  ,38,27,创元期货  ,105,-78,招金期货  ,77,-1,
铜                  ,cu1812                        ,19,中银国际  ,30,-44,中国国际  ,77,0,上海中期  ,70,23,
铜                  ,cu1812                        ,20,大地期货  ,27,1,广州期货  ,52,0,金信期货  ,68,0,
铜                  ,cu1901                        ,1,铜冠金源  ,258,58,格林大华  ,11902,0,国贸期货  ,3320,0,
铜                  ,cu1901                        ,2,中信建投  ,210,104,永安期货  ,2851,0,中信期货  ,2605,41,
铜                  ,cu1901                        ,3,中信期货  ,191,20,徽商期货  ,275,152,铜冠金源  ,1386,258,
铜                  ,cu1901                        ,4,徽商期货  ,158,69,上海中期  ,204,0,方正中期  ,1319,-19,
铜                  ,cu1901                        ,5,招金期货  ,122,19,五矿经易  ,111,47,国泰君安  ,1169,-4,
铜                  ,cu1901                        ,6,中钢期货  ,117,-45,同信久恒  ,100,41,建信期货  ,997,-89,
铜                  ,cu1901                        ,7,安粮期货  ,112,39,金瑞期货  ,66,0,新湖期货  ,790,0,
铜                  ,cu1901                        ,8,五矿经易  ,107,101,弘业期货  ,60,0,华安期货  ,591,0,
铜                  ,cu1901                        ,9,建信期货  ,101,97,安粮期货  ,54,24,广发期货  ,584,-76,
铜                  ,cu1901                        ,10,同信久恒  ,86,-24,招商期货  ,42,0,中银国际  ,524,0,
铜                  ,cu1901                        ,11,广发期货  ,77,29,铜冠金源  ,40,0,同信久恒  ,400,-35,
铜                  ,cu1901                        ,12,海通期货  ,66,28,东证期货  ,30,2,五矿经易  ,348,-4,
铜                  ,cu1901                        ,13,西部期货  ,53,10,华泰期货  ,28,2,瑞达期货  ,276,0,
铜                  ,cu1901                        ,14,兴业期货  ,51,-199,国富期货  ,26,8,永安期货  ,244,-1,
铜                  ,cu1901                        ,15,方正中期  ,31,23,信达期货  ,23,0,安粮期货  ,208,-28,
铜                  ,cu1901                        ,16,银河期货  ,23,-204,建信期货  ,21,-4,东证期货  ,193,2,
铜                  ,cu1901                        ,17,华西期货  ,15,-3,东海期货  ,21,0,国信期货  ,191,-5,
铜                  ,cu1901                        ,18,国泰君安  ,14,5,中钢期货  ,18,-81,国投安信  ,170,0,
铜                  ,cu1901                        ,19,华泰期货  ,13,9,中信建投  ,18,-200,中钢期货  ,149,0,
铜                  ,cu1901                        ,20,国富期货  ,13,-4,国泰君安  ,17,0,华泰期货  ,93,-9,
铝                  ,alall                         ,-1,期货公司  ,280188,66974,期货公司  ,317865,-1499,期货公司  ,317705,-1493,
铝                  ,alall                         ,0,非期货公司,6,-130,非期货公司,725,0,非期货公司,885,-6,
铝                  ,al1806                        ,1,国投安信  ,4442,2772,首创期货  ,6848,-31,中信期货  ,9659,-1197,
铝                  ,al1806                        ,2,上海中期  ,3452,2946,国贸期货  ,6449,-6,中粮期货  ,6508,-94,
铝                  ,al1806                        ,3,国海良时  ,2912,2394,华泰期货  ,3414,104,五矿经易  ,5499,55,
铝                  ,al1806                        ,4,中信期货  ,2271,-124,金瑞期货  ,2934,-350,海通期货  ,4777,-352,
铝                  ,al1806                        ,5,鲁证期货  ,2239,784,中粮期货  ,2918,106,金瑞期货  ,3698,-13,
铝                  ,al1806                        ,6,海通期货  ,1763,721,国信期货  ,2685,4,国贸期货  ,3035,-378,
铝                  ,al1806                        ,7,东证期货  ,1536,-244,广发期货  ,2456,-98,建信期货  ,3014,200,
铝                  ,al1806                        ,8,申万期货  ,1118,599,中信期货  ,1859,-370,格林大华  ,1996,-34,
铝                  ,al1806                        ,9,中银国际  ,1088,323,上海中期  ,1682,-4,华信期货  ,1735,0,
铝                  ,al1806                        ,10,广州期货  ,1072,1069,五矿经易  ,1674,-507,鲁证期货  ,1465,-35,
铝                  ,al1806                        ,11,中辉期货  ,1048,548,银河期货  ,1642,-1,国投安信  ,1365,-1552,
铝                  ,al1806                        ,12,国泰君安  ,995,982,华安期货  ,1421,-5,一德期货  ,1337,8,
铝                  ,al1806                        ,13,铜冠金源  ,901,213,中银国际  ,1376,267,大地期货  ,1290,33,
铝                  ,al1806                        ,14,五矿经易  ,746,375,国海良时  ,1365,-1062,华泰期货  ,1003,-134,
铝                  ,al1806                        ,15,金瑞期货  ,703,374,光大期货  ,1122,-227,国信期货  ,806,-75,
铝                  ,al1806                        ,16,中融汇信  ,594,247,国投安信  ,979,-280,德盛期货  ,764,0,
铝                  ,al1806                        ,17,首创期货  ,570,116,一德期货  ,919,-95,铜冠金源  ,745,-51,
铝                  ,al1806                        ,18,光大期货  ,527,-267,中国国际  ,911,-68,华安期货  ,636,0,
铝                  ,al1806                        ,19,方正中期  ,508,57,国泰君安  ,751,-994,东吴期货  ,607,0,
铝                  ,al1806                        ,20,招商期货  ,406,69,大地期货  ,717,-3,先融期货  ,560,0,
铝                  ,al1807                        ,1,海通期货  ,22688,5506,中信期货  ,9567,-2049,华信期货  ,11404,-217,
铝                  ,al1807                        ,2,中信期货  ,13943,5706,国信期货  ,6547,115,中信期货  ,10885,538,
铝                  ,al1807                        ,3,鲁证期货  ,6513,1161,海通期货  ,5307,214,中粮期货  ,10519,91,
铝                  ,al1807                        ,4,中融汇信  ,6108,576,南华期货  ,4937,57,中国国际  ,9681,-162,
铝                  ,al1807                        ,5,国投安信  ,5811,1420,广发期货  ,4784,-83,云晨期货  ,6516,-338,
铝                  ,al1807                        ,6,中辉期货  ,4215,940,永安期货  ,4138,-289,国贸期货  ,4973,222,
铝                  ,al1807                        ,7,东证期货  ,4200,-2212,英大期货  ,3775,-63,永安期货  ,4783,2,
铝                  ,al1807                        ,8,华鑫期货  ,3966,1437,金瑞期货  ,3709,169,国投安信  ,4412,18,
铝                  ,al1807                        ,9,五矿经易  ,3945,2741,建信期货  ,3604,-507,华泰期货  ,4072,-731,
铝                  ,al1807                        ,10,国海良时  ,3705,2099,方正中期  ,3499,-166,一德期货  ,3977,-344,
铝                  ,al1807                        ,11,兴证期货  ,3313,274,华泰期货  ,3275,62,上海中期  ,3631,-14,
铝                  ,al1807                        ,12,同信久恒  ,3256,141,国泰君安  ,3223,937,海通期货  ,2708,692,
铝                  ,al1807                        ,13,华泰期货  ,3197,218,国海良时  ,3151,2289,广发期货  ,2324,-118,
铝                  ,al1807                        ,14,中信建投  ,2964,71,中辉期货  ,3149,390,迈科期货  ,2211,-386,
铝                  ,al1807                        ,15,国泰君安  ,2669,-187,五矿经易  ,3068,-3200,兴证期货  ,2133,30,
铝                  ,al1807                        ,16,铜冠金源  ,2571,1307,迈科期货  ,3012,174,中银国际  ,2001,-9,
铝                  ,al1807                        ,17,中银国际  ,2529,-1462,国投安信  ,2614,-97,鲁证期货  ,1970,-99,
铝                  ,al1807                        ,18,广州期货  ,2348,1981,鲁证期货  ,2498,-108,光大期货  ,1943,-147,
铝                  ,al1807                        ,19,迈科期货  ,2130,-1072,兴证期货  ,2197,-493,方正中期  ,1901,276,
铝                  ,al1807                        ,20,方正中期  ,1962,515,通惠期货  ,1832,0,建信期货  ,1883,-750,
铝                  ,al1808                        ,1,海通期货  ,6948,1831,国信期货  ,11142,132,中信期货  ,5673,761,
铝                  ,al1808                        ,2,中辉期货  ,4620,764,中信期货  ,9959,13,永安期货  ,4450,843,
铝                  ,al1808                        ,3,中信期货  ,4594,1527,建信期货  ,4873,-1,华信期货  ,4299,-33,
铝                  ,al1808                        ,4,鲁证期货  ,3603,816,格林大华  ,3376,-18,中国国际  ,4287,-959,
铝                  ,al1808                        ,5,上海中期  ,3357,2548,方正中期  ,2891,407,中粮期货  ,3836,21,
铝                  ,al1808                        ,6,国投安信  ,3041,1278,金瑞期货  ,2574,35,迈科期货  ,3568,371,
铝                  ,al1808                        ,7,申万期货  ,2604,490,永安期货  ,2324,331,云晨期货  ,3213,0,
铝                  ,al1808                        ,8,永安期货  ,2124,1244,中粮期货  ,2215,-14,广发期货  ,3060,57,
铝                  ,al1808                        ,9,中银国际  ,1714,426,上海中期  ,2201,-1579,华泰期货  ,2980,29,
铝                  ,al1808                        ,10,迈科期货  ,1629,604,广发期货  ,2111,10,首创期货  ,2835,69,
铝                  ,al1808                        ,11,华泰期货  ,1538,421,国投安信  ,1991,282,一德期货  ,2481,528,
铝                  ,al1808                        ,12,东证期货  ,1481,-1357,英大期货  ,1986,89,格林大华  ,2348,-23,
铝                  ,al1808                        ,13,中信建投  ,1393,-821,海通期货  ,1792,42,建信期货  ,2062,47,
铝                  ,al1808                        ,14,宝城期货  ,1068,386,兴证期货  ,1606,-54,鲁证期货  ,1896,136,
铝                  ,al1808                        ,15,国海良时  ,1020,780,五矿经易  ,1455,558,金瑞期货  ,1883,219,
铝                  ,al1808                        ,16,中国国际  ,1016,467,南华期货  ,1376,5,五矿经易  ,1757,21,
铝                  ,al1808                        ,17,中融汇信  ,974,267,申万期货  ,1332,401,海通期货  ,1731,494,
铝                  ,al1808                        ,18,宏源期货  ,919,424,华泰期货  ,1252,-373,国信期货  ,1494,-6,
铝                  ,al1808                        ,19,华鑫期货  ,854,91,信达期货  ,1079,91,国贸期货  ,1479,0,
铝                  ,al1808                        ,20,铜冠金源  ,833,166,迈科期货  ,927,312,兴证期货  ,1460,71,
铝                  ,al1809                        ,1,五矿经易  ,3329,3276,国信期货  ,11218,-1,首创期货  ,5913,64,
铝                  ,al1809                        ,2,申万期货  ,3021,1102,建信期货  ,4092,403,广发期货  ,4158,66,
铝                  ,al1809                        ,3,中辉期货  ,2796,1388,五矿经易  ,3752,3265,格林大华  ,3485,1,
铝                  ,al1809                        ,4,国海良时  ,2738,2715,先融期货  ,3404,2,国海良时  ,2740,2725,
铝                  ,al1809                        ,5,鲁证期货  ,1782,631,晟鑫期货  ,3400,1000,中信期货  ,2437,44,
铝                  ,al1809                        ,6,海通期货  ,1708,811,中信期货  ,2208,291,国信期货  ,2407,300,
铝                  ,al1809                        ,7,中信期货  ,1499,-866,中粮期货  ,1811,52,国投安信  ,2304,9,
铝                  ,al1809                        ,8,华泰期货  ,1321,228,华泰期货  ,1573,97,华泰期货  ,2142,800,
铝                  ,al1809                        ,9,东证期货  ,1316,-477,英大期货  ,1499,0,五矿经易  ,1673,44,
铝                  ,al1809                        ,10,晟鑫期货  ,1000,1000,广发期货  ,1453,10,中粮期货  ,1558,103,
铝                  ,al1809                        ,11,国投安信  ,967,404,上海中期  ,775,-555,国贸期货  ,1421,-161,
铝                  ,al1809                        ,12,中银国际  ,900,446,格林大华  ,647,0,申万期货  ,1195,521,
铝                  ,al1809                        ,13,迈科期货  ,804,754,金瑞期货  ,591,392,中辉期货  ,1068,393,
铝                  ,al1809                        ,14,上海中期  ,647,517,信达期货  ,559,160,兴证期货  ,1054,-46,
铝                  ,al1809                        ,15,同信久恒  ,615,-52,永安期货  ,514,189,华信期货  ,1009,350,
铝                  ,al1809                        ,16,铜冠金源  ,569,496,广州期货  ,482,211,中金期货  ,933,196,
铝                  ,al1809                        ,17,德盛期货  ,539,532,平安期货  ,435,430,永安期货  ,787,0,
铝                  ,al1809                        ,18,金瑞期货  ,533,480,首创期货  ,333,-68,一德期货  ,753,0,
铝                  ,al1809                        ,19,建信期货  ,511,507,新世纪    ,332,50,中银国际  ,734,1,
铝                  ,al1809                        ,20,宏源期货  ,493,464,国投安信  ,303,40,先融期货  ,643,149,
锌                  ,znall                         ,-1,期货公司  ,561789,50553,期货公司  ,225502,-3259,期货公司  ,225512,-3490,
锌                  ,znall                         ,0,非期货公司,2169,769,非期货公司,10847,929,非期货公司,10837,1160,
锌                  ,zn1806                        ,1,海通期货  ,4604,1149,中信期货  ,4678,391,中信期货  ,2753,-602,
锌                  ,zn1806                        ,2,鲁证期货  ,4029,877,上海中期  ,3978,-1495,五矿经易  ,1875,-112,
锌                  ,zn1806                        ,3,东证期货  ,3723,-628,中粮期货  ,3106,-414,一德期货  ,1720,-707,
锌                  ,zn1806                        ,4,上海中期  ,3186,2325,金瑞期货  ,2958,-28,迈科期货  ,1379,-7,
锌                  ,zn1806                        ,5,中信期货  ,3091,-1693,五矿经易  ,2709,13,首创期货  ,1118,134,
锌                  ,zn1806                        ,6,国富期货  ,1552,1095,银河期货  ,1700,103,铜冠金源  ,998,-527,
锌                  ,zn1806                        ,7,中银国际  ,1483,660,永安期货  ,1658,-215,东证期货  ,906,-5,
锌                  ,zn1806                        ,8,申万期货  ,1418,664,建信期货  ,1276,-21,中粮期货  ,891,-69,
锌                  ,zn1806                        ,9,一德期货  ,1405,-537,格林大华  ,918,-462,格林大华  ,749,0,
锌                  ,zn1806                        ,10,中粮期货  ,1377,795,大地期货  ,885,-30,云晨期货  ,700,0,
锌                  ,zn1806                        ,11,永安期货  ,1216,382,方正中期  ,759,-44,金瑞期货  ,638,82,
锌                  ,zn1806                        ,12,中融汇信  ,1212,290,国贸期货  ,686,-60,海通期货  ,596,-2,
锌                  ,zn1806                        ,13,铜冠金源  ,978,-256,一德期货  ,587,-80,华泰期货  ,586,69,
锌                  ,zn1806                        ,14,首创期货  ,865,612,宏源期货  ,388,324,中钢期货  ,555,-1,
锌                  ,zn1806                        ,15,方正中期  ,810,288,华泰期货  ,378,15,光大期货  ,449,-26,
锌                  ,zn1806                        ,16,广发期货  ,797,-531,首创期货  ,376,-31,广发期货  ,431,-3,
锌                  ,zn1806                        ,17,中辉期货  ,736,296,广州期货  ,360,-6,中财期货  ,414,-42,
锌                  ,zn1806                        ,18,宏源期货  ,691,-40,广发期货  ,325,-486,大有期货  ,404,60,
锌                  ,zn1806                        ,19,大有期货  ,656,30,迈科期货  ,321,-220,国贸期货  ,386,279,
锌                  ,zn1806                        ,20,光大期货  ,633,279,东华期货  ,305,-2,新湖期货  ,374,-48,
锌                  ,zn1807                        ,1,海通期货  ,39246,-2520,中信期货  ,13572,-798,中信期货  ,10778,-1576,
锌                  ,zn1807                        ,2,中信期货  ,31428,4091,广发期货  ,7456,327,永安期货  ,8771,-959,
锌                  ,zn1807                        ,3,中融汇信  ,19444,2581,永安期货  ,5559,-1053,方正中期  ,5246,453,
锌                  ,zn1807                        ,4,鲁证期货  ,18470,2213,中粮期货  ,4344,-117,五矿经易  ,4833,441,
锌                  ,zn1807                        ,5,国投安信  ,17945,4085,华泰期货  ,4086,7,华泰期货  ,4674,51,
锌                  ,zn1807                        ,6,永安期货  ,12696,4063,一德期货  ,3770,-497,海通期货  ,4324,-948,
锌                  ,zn1807                        ,7,东证期货  ,12582,-2052,海通期货  ,3666,-418,东证期货  ,3976,-30,
锌                  ,zn1807                        ,8,方正中期  ,11370,2874,方正中期  ,3457,827,申万期货  ,3568,22,
锌                  ,zn1807                        ,9,铜冠金源  ,10279,1360,金瑞期货  ,3286,395,金瑞期货  ,2762,1148,
锌                  ,zn1807                        ,10,兴证期货  ,9913,1353,五矿经易  ,3170,-104,国投安信  ,2726,64,
锌                  ,zn1807                        ,11,国泰君安  ,8188,-259,兴业期货  ,2658,-128,浙商期货  ,2483,-605,
锌                  ,zn1807                        ,12,华泰期货  ,6188,-2026,格林大华  ,2538,15,铜冠金源  ,2297,1154,
锌                  ,zn1807                        ,13,徽商期货  ,5905,-943,建信期货  ,2520,-750,鲁证期货  ,2084,-1283,
锌                  ,zn1807                        ,14,同信久恒  ,5800,377,中钢期货  ,2499,-7,大地期货  ,2071,-79,
锌                  ,zn1807                        ,15,华安期货  ,5763,-973,兴证期货  ,2327,209,弘业期货  ,2057,-45,
锌                  ,zn1807                        ,16,宏源期货  ,5436,2398,浙商期货  ,2292,249,中银国际  ,1896,108,
锌                  ,zn1807                        ,17,一德期货  ,5301,2627,南华期货  ,2229,-13,一德期货  ,1894,-1702,
锌                  ,zn1807                        ,18,广金期货  ,4387,-289,大地期货  ,2179,161,中粮期货  ,1822,31,
锌                  ,zn1807                        ,19,东航期货  ,4115,-92,弘业期货  ,2040,-145,南华期货  ,1783,-29,
锌                  ,zn1807                        ,20,申万期货  ,4092,-498,国贸期货  ,1899,-717,大有期货  ,1740,408,
锌                  ,zn1808                        ,1,海通期货  ,15964,781,中信期货  ,7331,-154,海通期货  ,6473,824,
锌                  ,zn1808                        ,2,鲁证期货  ,11836,2904,永安期货  ,5957,3130,中信期货  ,6316,1749,
锌                  ,zn1808                        ,3,中信期货  ,11549,2190,鲁证期货  ,2569,-1312,五矿经易  ,4766,181,
锌                  ,zn1808                        ,4,东证期货  ,5299,-657,海通期货  ,2465,-160,永安期货  ,4227,848,
锌                  ,zn1808                        ,5,铜冠金源  ,5145,1867,英大期货  ,2151,0,国海良时  ,1975,110,
锌                  ,zn1808                        ,6,永安期货  ,4528,2623,五矿经易  ,2123,-103,华泰期货  ,1825,-193,
锌                  ,zn1808                        ,7,申万期货  ,4152,-434,广发期货  ,1860,594,银河期货  ,1772,99,
锌                  ,zn1808                        ,8,中融汇信  ,3497,1038,中银国际  ,1526,19,首创期货  ,1751,-294,
锌                  ,zn1808                        ,9,宏源期货  ,3483,1617,建信期货  ,1504,-8,招商期货  ,1694,-1,
锌                  ,zn1808                        ,10,国投安信  ,3448,1958,瑞达期货  ,1493,923,金瑞期货  ,1543,-829,
锌                  ,zn1808                        ,11,华泰期货  ,2422,-874,上海中期  ,1471,-967,集成期货  ,1504,1458,
锌                  ,zn1808                        ,12,上海中期  ,2139,-622,迈科期货  ,1411,16,国投安信  ,1474,422,
锌                  ,zn1808                        ,13,同信久恒  ,2034,1149,东亚期货  ,1370,525,申万期货  ,1420,67,
锌                  ,zn1808                        ,14,一德期货  ,1767,830,一德期货  ,1332,-163,兴证期货  ,1420,-154,
锌                  ,zn1808                        ,15,中银国际  ,1734,222,华泰期货  ,1319,143,中钢期货  ,1393,0,
锌                  ,zn1808                        ,16,金瑞期货  ,1566,1515,中粮期货  ,1231,-583,方正中期  ,1335,238,
锌                  ,zn1808                        ,17,国泰君安  ,1493,852,方正中期  ,1190,15,国富期货  ,1196,-133,
锌                  ,zn1808                        ,18,中粮期货  ,1485,1308,金汇期货  ,1048,-5,中金期货  ,1161,0,
锌                  ,zn1808                        ,19,五矿经易  ,1478,-748,南华期货  ,1028,-14,迈科期货  ,1117,653,
锌                  ,zn1808                        ,20,集成期货  ,1469,908,长江期货  ,933,147,东证期货  ,1100,-15,
锌                  ,zn1809                        ,1,鲁证期货  ,4305,1918,中信期货  ,2992,543,华泰期货  ,3786,326,
锌                  ,zn1809                        ,2,海通期货  ,4122,1726,上海中期  ,1523,703,建信期货  ,2083,302,
锌                  ,zn1809                        ,3,中信期货  ,3366,1153,国都期货  ,1181,1,中钢期货  ,1730,-9,
锌                  ,zn1809                        ,4,东证期货  ,2197,712,英大期货  ,1004,217,金瑞期货  ,1256,556,
锌                  ,zn1809                        ,5,申万期货  ,1677,578,海通期货  ,1000,4,中国国际  ,1176,3,
锌                  ,zn1809                        ,6,同信久恒  ,1393,1096,方正中期  ,962,-7,中金期货  ,1161,232,
锌                  ,zn1809                        ,7,华泰期货  ,1260,264,一德期货  ,962,-3,中信期货  ,690,41,
锌                  ,zn1809                        ,8,中辉期货  ,1020,212,国贸期货  ,817,1,国信期货  ,679,152,
锌                  ,zn1809                        ,9,中融汇信  ,912,357,建信期货  ,780,0,银河期货  ,613,222,
锌                  ,zn1809                        ,10,中信建投  ,823,642,首创期货  ,575,-70,鲁证期货  ,602,-986,
锌                  ,zn1809                        ,11,中银国际  ,818,402,五矿经易  ,511,-130,格林大华  ,598,1,
锌                  ,zn1809                        ,12,上海中期  ,814,292,通惠期货  ,500,0,兴证期货  ,577,-23,
锌                  ,zn1809                        ,13,银河期货  ,812,441,同信久恒  ,439,32,永安期货  ,531,88,
锌                  ,zn1809                        ,14,国投安信  ,711,-120,中信建投  ,320,24,华安期货  ,422,12,
锌                  ,zn1809                        ,15,铜冠金源  ,664,657,迈科期货  ,300,199,南华期货  ,407,14,
锌                  ,zn1809                        ,16,金瑞期货  ,657,537,银河期货  ,284,132,首创期货  ,382,37,
锌                  ,zn1809                        ,17,五矿经易  ,587,-8,新湖期货  ,264,5,同信久恒  ,366,345,
锌                  ,zn1809                        ,18,华创期货  ,479,329,国信期货  ,257,1,华创期货  ,352,326,
锌                  ,zn1809                        ,19,国富期货  ,441,201,长江期货  ,237,1,五矿经易  ,317,79,
锌                  ,zn1809                        ,20,倍特期货  ,414,177,中银国际  ,231,1,兴业期货  ,296,13,
铅                  ,pball                         ,-1,期货公司  ,141596,20382,期货公司  ,61952,527,期货公司  ,61872,447,
铅                  ,pball                         ,0,非期货公司,80,80,非期货公司,0,0,非期货公司,80,80,
铅                  ,pb1806                        ,1,国投安信  ,1743,1436,中银国际  ,1281,-5,五矿经易  ,887,-145,
铅                  ,pb1806                        ,2,中信期货  ,1470,-687,海通期货  ,1277,-248,金瑞期货  ,656,-249,
铅                  ,pb1806                        ,3,永安期货  ,1112,958,金瑞期货  ,999,-340,中粮期货  ,653,-78,
铅                  ,pb1806                        ,4,南华期货  ,1023,709,永安期货  ,947,-693,国投安信  ,629,-512,
铅                  ,pb1806                        ,5,安粮期货  ,789,619,方正中期  ,838,-490,云晨期货  ,611,-261,
铅                  ,pb1806                        ,6,金瑞期货  ,593,240,华泰期货  ,746,-99,鲁证期货  ,548,-3,
铅                  ,pb1806                        ,7,方正中期  ,590,274,中粮期货  ,725,-211,方正中期  ,544,-70,
铅                  ,pb1806                        ,8,西部期货  ,496,-69,上海中期  ,544,172,中信期货  ,454,-200,
铅                  ,pb1806                        ,9,华鑫期货  ,454,-236,广州期货  ,412,-124,银河期货  ,423,-85,
铅                  ,pb1806                        ,10,首创期货  ,448,359,建信期货  ,376,-154,南华期货  ,410,-308,
铅                  ,pb1806                        ,11,上海中期  ,442,-1238,中财期货  ,315,-283,金汇期货  ,380,-8,
铅                  ,pb1806                        ,12,中银国际  ,428,250,东证期货  ,293,89,华鑫期货  ,316,6,
铅                  ,pb1806                        ,13,海通期货  ,403,-308,首创期货  ,275,-188,华泰期货  ,314,-13,
铅                  ,pb1806                        ,14,东证期货  ,402,147,光大期货  ,172,-181,国海良时  ,288,-66,
铅                  ,pb1806                        ,15,广州期货  ,387,256,国泰君安  ,151,-122,国贸期货  ,268,0,
铅                  ,pb1806                        ,16,中财期货  ,300,58,五矿经易  ,140,4,国泰君安  ,252,-8,
铅                  ,pb1806                        ,17,建信期货  ,295,-39,招商期货  ,125,-191,广州期货  ,235,-171,
铅                  ,pb1806                        ,18,中粮期货  ,291,131,弘业期货  ,63,0,国信期货  ,180,-12,
铅                  ,pb1806                        ,19,云晨期货  ,263,145,国投安信  ,62,55,国联期货  ,141,1,
铅                  ,pb1806                        ,20,五矿经易  ,259,-57,广发期货  ,57,31,迈科期货  ,130,0,
铅                  ,pb1807                        ,1,海通期货  ,17626,4307,中信期货  ,4856,-47,中信期货  ,4799,163,
铅                  ,pb1807                        ,2,中信期货  ,9310,632,海通期货  ,3796,-456,银河期货  ,3768,21,
铅                  ,pb1807                        ,3,方正中期  ,5027,1570,金瑞期货  ,1870,-282,建信期货  ,2436,-15,
铅                  ,pb1807                        ,4,国投安信  ,4496,980,国泰君安  ,1496,-122,五矿经易  ,2183,-857,
铅                  ,pb1807                        ,5,鲁证期货  ,3893,702,永安期货  ,1434,11,南华期货  ,1800,507,
铅                  ,pb1807                        ,6,铜冠金源  ,2742,592,兴证期货  ,1252,92,中粮期货  ,1663,-21,
铅                  ,pb1807                        ,7,兴证期货  ,2595,124,银河期货  ,1213,219,金瑞期货  ,1536,699,
铅                  ,pb1807                        ,8,华泰期货  ,2527,-40,方正中期  ,1084,449,方正中期  ,1526,126,
铅                  ,pb1807                        ,9,国富期货  ,2526,57,徽商期货  ,1031,912,永安期货  ,1241,208,
铅                  ,pb1807                        ,10,南华期货  ,2483,-654,华泰期货  ,1025,152,国投安信  ,991,113,
铅                  ,pb1807                        ,11,国泰君安  ,2309,-219,中财期货  ,945,33,兴证期货  ,880,-53,
铅                  ,pb1807                        ,12,东证期货  ,2243,346,南华期货  ,931,154,中辉期货  ,862,-11,
铅                  ,pb1807                        ,13,徽商期货  ,2193,830,鲁证期货  ,918,34,云晨期货  ,794,210,
铅                  ,pb1807                        ,14,西部期货  ,2101,1286,浙商期货  ,899,-47,中银国际  ,786,0,
铅                  ,pb1807                        ,15,五矿经易  ,2046,1305,弘业期货  ,863,-47,东证期货  ,746,228,
铅                  ,pb1807                        ,16,申万期货  ,2045,574,东航期货  ,846,-38,华泰期货  ,646,23,
铅                  ,pb1807                        ,17,宏源期货  ,1724,670,申万期货  ,843,61,中大期货  ,632,148,
铅                  ,pb1807                        ,18,永安期货  ,1717,-259,招商期货  ,805,56,国海良时  ,592,88,
铅                  ,pb1807                        ,19,招商期货  ,1529,715,上海中期  ,792,-69,铜冠金源  ,530,5,
铅                  ,pb1807                        ,20,中信建投  ,1471,-474,中粮期货  ,610,21,首创期货  ,525,-19,
镍                  ,niall                         ,-1,期货公司  ,969954,226850,期货公司  ,419903,39574,期货公司  ,419876,38224,
镍                  ,niall                         ,0,非期货公司,1602,1212,非期货公司,8,-1344,非期货公司,35,6,
镍                  ,ni1807                        ,1,海通期货  ,59684,15680,永安期货  ,28043,4761,中信期货  ,16650,2394,
镍                  ,ni1807                        ,2,中信期货  ,38399,9036,海通期货  ,13367,29,广发期货  ,10861,1996,
镍                  ,ni1807                        ,3,国投安信  ,37319,12039,中信期货  ,12723,1785,方正中期  ,9005,764,
镍                  ,ni1807                        ,4,东证期货  ,25535,5493,国泰君安  ,8541,353,五矿经易  ,7892,597,
镍                  ,ni1807                        ,5,永安期货  ,25491,7189,华泰期货  ,7961,2228,海通期货  ,7069,223,
镍                  ,ni1807                        ,6,鲁证期货  ,20668,8702,申万期货  ,6551,3353,中粮期货  ,6812,3552,
镍                  ,ni1807                        ,7,徽商期货  ,19404,5083,兴证期货  ,5898,1752,中国国际  ,6720,636,
镍                  ,ni1807                        ,8,兴证期货  ,16348,2695,首创期货  ,5386,389,光大期货  ,6155,178,
镍                  ,ni1807                        ,9,方正中期  ,14250,2789,国投安信  ,5165,2247,国泰君安  ,5859,794,
镍                  ,ni1807                        ,10,申万期货  ,14227,5637,银河期货  ,5085,293,银河期货  ,5294,461,
镍                  ,ni1807                        ,11,华泰期货  ,13125,2222,鲁证期货  ,4828,615,中信建投  ,4888,121,
镍                  ,ni1807                        ,12,华安期货  ,12641,1328,金瑞期货  ,4665,-325,建信期货  ,4862,29,
镍                  ,ni1807                        ,13,南华期货  ,12447,5737,五矿经易  ,4470,-125,兴业期货  ,4540,775,
镍                  ,ni1807                        ,14,创元期货  ,12280,2536,中粮期货  ,4409,-326,大有期货  ,4078,184,
镍                  ,ni1807                        ,15,中信建投  ,12211,2406,方正中期  ,3799,-242,永安期货  ,3631,676,
镍                  ,ni1807                        ,16,国泰君安  ,11729,4280,国海良时  ,3580,-117,浙商期货  ,3263,211,
镍                  ,ni1807                        ,17,中辉期货  ,10752,4586,光大期货  ,3158,1169,国信期货  ,3131,1654,
镍                  ,ni1807                        ,18,广发期货  ,10520,4114,中国国际  ,2899,376,兴证期货  ,3124,-298,
镍                  ,ni1807                        ,19,广金期货  ,10195,1907,中财期货  ,2826,795,南华期货  ,2873,313,
镍                  ,ni1807                        ,20,浙商期货  ,9928,2346,渤海期货  ,2714,-123,中银国际  ,2669,36,
镍                  ,ni1809                        ,1,海通期货  ,19635,5243,海通期货  ,11565,1076,中信期货  ,16127,1287,
镍                  ,ni1809                        ,2,中信期货  ,16221,4800,永安期货  ,10812,51,南华期货  ,8767,306,
镍                  ,ni1809                        ,3,东证期货  ,10069,-2771,中信期货  ,9560,-364,银河期货  ,7226,447,
镍                  ,ni1809                        ,4,鲁证期货  ,8187,3473,五矿经易  ,8179,432,国泰君安  ,6411,778,
镍                  ,ni1809                        ,5,华泰期货  ,6634,1316,广发期货  ,6720,857,江海汇鑫  ,6101,-464,
镍                  ,ni1809                        ,6,中粮期货  ,5769,4763,华泰期货  ,6136,-261,中粮期货  ,5999,-3040,
镍                  ,ni1809                        ,7,中融汇信  ,5694,2516,方正中期  ,4877,326,海通期货  ,5405,293,
镍                  ,ni1809                        ,8,永安期货  ,5445,2456,首创期货  ,4177,577,建信期货  ,5022,28,
镍                  ,ni1809                        ,9,方正中期  ,5103,1869,上海大陆  ,4039,209,五矿经易  ,5017,177,
镍                  ,ni1809                        ,10,国投安信  ,5036,359,中银国际  ,3930,-2,永安期货  ,4973,-494,
镍                  ,ni1809                        ,11,华西期货  ,4766,1377,中粮期货  ,3833,305,信达期货  ,4634,114,
镍                  ,ni1809                        ,12,国泰君安  ,4519,-1039,国泰君安  ,3403,167,中国国际  ,4463,338,
镍                  ,ni1809                        ,13,南华期货  ,3757,1761,鲁证期货  ,3366,104,兴业期货  ,3860,34,
镍                  ,ni1809                        ,14,申万期货  ,3740,1587,国投安信  ,3323,153,华泰期货  ,3264,469,
镍                  ,ni1809                        ,15,徽商期货  ,3717,1282,兴证期货  ,2983,39,国富期货  ,3127,276,
镍                  ,ni1809                        ,16,中信建投  ,3262,2145,东航期货  ,2848,336,国投安信  ,3126,729,
镍                  ,ni1809                        ,17,五矿经易  ,3205,1918,中金期货  ,2714,75,长江期货  ,2922,921,
镍                  ,ni1809                        ,18,首创期货  ,3010,1621,福能期货  ,2545,-197,国海良时  ,2431,240,
镍                  ,ni1809                        ,19,中辉期货  ,3010,954,东亚期货  ,2364,253,金瑞期货  ,2302,-988,
镍                  ,ni1809                        ,20,金瑞期货  ,2865,2097,国海良时  ,2321,110,新湖期货  ,2276,57,
镍                  ,ni1811                        ,1,海通期货  ,7631,1717,国泰君安  ,7255,-303,国泰君安  ,10223,-271,
镍                  ,ni1811                        ,2,中信期货  ,4868,686,永安期货  ,2909,58,中信期货  ,4415,248,
镍                  ,ni1811                        ,3,申万期货  ,4089,466,东证期货  ,2329,49,中粮期货  ,2200,87,
镍                  ,ni1811                        ,4,中融汇信  ,3769,-31,海通期货  ,2293,-12,东证期货  ,2007,-28,
镍                  ,ni1811                        ,5,国泰君安  ,3502,-569,南华期货  ,2164,-7,永安期货  ,1905,10,
镍                  ,ni1811                        ,6,西部期货  ,3479,579,中信期货  ,2163,24,浙商期货  ,1835,-84,
镍                  ,ni1811                        ,7,鲁证期货  ,3382,631,中粮期货  ,1992,0,申万期货  ,1667,21,
镍                  ,ni1811                        ,8,东证期货  ,3113,-2135,申万期货  ,1942,68,海通期货  ,1648,19,
镍                  ,ni1811                        ,9,新湖期货  ,2748,1070,浙商期货  ,1846,-89,南华期货  ,1583,-40,
镍                  ,ni1811                        ,10,五矿经易  ,2614,748,新湖期货  ,1643,161,鲁证期货  ,1287,-1,
镍                  ,ni1811                        ,11,徽商期货  ,1736,-981,国投安信  ,1347,2,国投安信  ,1267,-6,
镍                  ,ni1811                        ,12,方正中期  ,1589,640,大地期货  ,1227,62,新湖期货  ,1020,165,
镍                  ,ni1811                        ,13,华安期货  ,1424,160,方正中期  ,1211,180,五矿经易  ,906,-148,
镍                  ,ni1811                        ,14,东航期货  ,1417,-64,五矿经易  ,1152,12,金瑞期货  ,901,5,
镍                  ,ni1811                        ,15,浙商期货  ,1231,422,通惠期货  ,1080,0,中国国际  ,874,-4,
镍                  ,ni1811                        ,16,永安期货  ,1080,-415,兴证期货  ,973,-15,大越期货  ,864,424,
镍                  ,ni1811                        ,17,南华期货  ,1079,459,广发期货  ,741,37,广发期货  ,845,267,
镍                  ,ni1811                        ,18,兴证期货  ,1033,306,弘业期货  ,715,15,大地期货  ,709,24,
镍                  ,ni1811                        ,19,国投安信  ,984,294,华泰期货  ,637,30,兴证期货  ,678,18,
镍                  ,ni1811                        ,20,中辉期货  ,877,416,金瑞期货  ,621,13,信达期货  ,477,7,
镍                  ,ni1901                        ,1,海通期货  ,1006,510,中粮期货  ,2880,-14,海通期货  ,3909,-2,
镍                  ,ni1901                        ,2,方正中期  ,624,483,新湖期货  ,2199,19,中银国际  ,3642,0,
镍                  ,ni1901                        ,3,中信期货  ,608,9,大有期货  ,1309,0,同信久恒  ,1964,0,
镍                  ,ni1901                        ,4,申万期货  ,578,203,永安期货  ,1077,486,方正中期  ,1064,318,
镍                  ,ni1901                        ,5,永安期货  ,554,456,国投安信  ,1000,56,东兴期货  ,666,3,
镍                  ,ni1901                        ,6,江海汇鑫  ,484,483,五矿经易  ,911,-223,国泰君安  ,470,4,
镍                  ,ni1901                        ,7,新湖期货  ,291,193,通惠期货  ,408,0,南华期货  ,391,7,
镍                  ,ni1901                        ,8,五矿经易  ,281,194,海通期货  ,302,92,银河期货  ,381,140,
镍                  ,ni1901                        ,9,银河期货  ,273,254,国海良时  ,299,14,永安期货  ,324,-8,
镍                  ,ni1901                        ,10,铜冠金源  ,250,85,国泰君安  ,279,45,长江期货  ,314,23,
镍                  ,ni1901                        ,11,西部期货  ,235,123,中国国际  ,272,105,中信期货  ,254,4,
镍                  ,ni1901                        ,12,兴证期货  ,223,100,方正中期  ,219,-14,兴业期货  ,228,0,
镍                  ,ni1901                        ,13,宏源期货  ,192,145,华泰期货  ,213,16,五矿经易  ,189,0,
镍                  ,ni1901                        ,14,一德期货  ,190,162,西部期货  ,210,8,金瑞期货  ,144,0,
镍                  ,ni1901                        ,15,中辉期货  ,173,67,瑞龙期货  ,168,0,光大期货  ,133,21,
镍                  ,ni1901                        ,16,国泰君安  ,137,51,一德期货  ,168,41,宏源期货  ,123,110,
镍                  ,ni1901                        ,17,中国国际  ,132,25,华信期货  ,162,0,西南期货  ,114,0,
镍                  ,ni1901                        ,18,平安期货  ,126,123,大越期货  ,157,-17,招商期货  ,105,34,
镍                  ,ni1901                        ,19,华泰期货  ,123,78,宏源期货  ,150,4,东航期货  ,98,60,
镍                  ,ni1901                        ,20,华安期货  ,103,97,弘业期货  ,147,-1,国金期货  ,65,5,
锡                  ,snall                         ,-1,期货公司  ,88864,49316,期货公司  ,23416,5181,期货公司  ,23416,5181,
锡                  ,snall                         ,0,非期货公司,0,0,非期货公司,0,0,非期货公司,0,0,
锡                  ,sn1809                        ,1,海通期货  ,10925,5478,金瑞期货  ,1897,-297,永安期货  ,2862,-125,
锡                  ,sn1809                        ,2,中信期货  ,9158,4280,中信期货  ,1762,-170,中信期货  ,2139,92,
锡                  ,sn1809                        ,3,徽商期货  ,3051,1922,东证期货  ,1723,577,银河期货  ,1097,456,
锡                  ,sn1809                        ,4,西部期货  ,2957,1990,浙商期货  ,1445,840,金瑞期货  ,1020,468,
锡                  ,sn1809                        ,5,东证期货  ,2712,1281,云晨期货  ,986,-18,南华期货  ,852,198,
锡                  ,sn1809                        ,6,华安期货  ,2613,1423,国泰君安  ,960,64,五矿经易  ,803,223,
锡                  ,sn1809                        ,7,浙商期货  ,2421,1672,中信建投  ,813,762,国泰君安  ,785,238,
锡                  ,sn1809                        ,8,银河期货  ,2170,1711,永安期货  ,782,463,中国国际  ,774,226,
锡                  ,sn1809                        ,9,中辉期货  ,2043,939,混沌天成  ,750,742,一德期货  ,767,40,
锡                  ,sn1809                        ,10,中信建投  ,1982,1570,上海中期  ,692,96,国贸期货  ,664,0,
锡                  ,sn1809                        ,11,鲁证期货  ,1885,544,宏源期货  ,676,521,格林大华  ,605,330,
锡                  ,sn1809                        ,12,华泰期货  ,1843,1333,首创期货  ,601,49,海通期货  ,600,204,
锡                  ,sn1809                        ,13,国投安信  ,1841,677,徽商期货  ,590,43,东证期货  ,518,197,
锡                  ,sn1809                        ,14,永安期货  ,1752,1220,安粮期货  ,465,35,宏源期货  ,386,7,
锡                  ,sn1809                        ,15,东航期货  ,1654,1035,方正中期  ,438,285,广发期货  ,386,100,
锡                  ,sn1809                        ,16,国泰君安  ,1626,980,银河期货  ,426,122,光大期货  ,333,23,
锡                  ,sn1809                        ,17,申万期货  ,1522,757,中国国际  ,379,-37,东海期货  ,331,117,
锡                  ,sn1809                        ,18,宏源期货  ,1494,1006,广发期货  ,370,-5,云晨期货  ,327,129,
锡                  ,sn1809                        ,19,方正中期  ,1351,698,兴证期货  ,361,21,兴业期货  ,322,-12,
锡                  ,sn1809                        ,20,中国国际  ,1263,513,金信期货  ,326,325,中财期货  ,315,206,
黄金                ,auall                         ,-1,期货公司  ,84536,-37830,期货公司  ,124280,-446,期货公司  ,43146,-64,
黄金                ,auall                         ,0,非期货公司,6050,-7378,非期货公司,49127,1271,非期货公司,130261,889,
黄金                ,au1806                        ,1,上海中期  ,866,-483,鲁证期货  ,456,-22,国贸期货  ,1020,-1,
黄金                ,au1806                        ,2,海通期货  ,806,160,招金期货  ,392,285,招金期货  ,813,93,
黄金                ,au1806                        ,3,广发期货  ,704,394,申万期货  ,341,6,国泰君安  ,316,-485,
黄金                ,au1806                        ,4,国泰君安  ,571,-381,华泰期货  ,248,-94,海通期货  ,267,-17,
黄金                ,au1806                        ,5,招金期货  ,480,254,中信建投  ,242,-4,五矿经易  ,241,-41,
黄金                ,au1806                        ,6,瑞龙期货  ,384,-8,招商期货  ,238,-13,国海良时  ,239,0,
黄金                ,au1806                        ,7,东海期货  ,338,194,广发期货  ,210,-256,新湖期货  ,211,-6,
黄金                ,au1806                        ,8,中信期货  ,246,-279,银河期货  ,205,-44,国联期货  ,190,1,
黄金                ,au1806                        ,9,中辉期货  ,198,-210,国泰君安  ,188,-86,上海中期  ,170,15,
黄金                ,au1806                        ,10,铜冠金源  ,191,139,光大期货  ,188,13,中信期货  ,157,-3,
黄金                ,au1806                        ,11,东航期货  ,163,14,瑞龙期货  ,173,18,南华期货  ,135,0,
黄金                ,au1806                        ,12,华泰期货  ,152,43,中信期货  ,156,-5,兴证期货  ,108,0,
黄金                ,au1806                        ,13,国投安信  ,102,-7,永安期货  ,133,-5,信达期货  ,94,0,
黄金                ,au1806                        ,14,国金期货  ,95,79,海通期货  ,132,-23,平安期货  ,90,-3,
黄金                ,au1806                        ,15,浙商期货  ,73,32,东证期货  ,129,-18,银河期货  ,76,1,
黄金                ,au1806                        ,16,长江期货  ,69,15,瑞达期货  ,128,-9,铜冠金源  ,61,-1,
黄金                ,au1806                        ,17,光大期货  ,67,45,上海中期  ,114,-3,鲁证期货  ,42,-4,
黄金                ,au1806                        ,18,国富期货  ,65,-65,五矿经易  ,109,-18,光大期货  ,30,-8,
黄金                ,au1806                        ,19,鲁证期货  ,64,-308,中国国际  ,108,-9,国金期货  ,30,-95,
黄金                ,au1806                        ,20,新湖期货  ,62,27,南华期货  ,104,-3,永安期货  ,29,1,
黄金                ,au1812                        ,1,海通期货  ,9636,-5216,中信期货  ,15354,-1311,招金期货  ,4023,449,
黄金                ,au1812                        ,2,中银国际  ,4382,-1881,国泰君安  ,11140,243,中信期货  ,3041,-39,
黄金                ,au1812                        ,3,中信期货  ,4288,121,银河期货  ,6878,133,国泰君安  ,2580,-8,
黄金                ,au1812                        ,4,同信久恒  ,4022,2051,海通期货  ,4936,259,华泰期货  ,2500,-72,
黄金                ,au1812                        ,5,东证期货  ,3886,-1091,招金期货  ,3902,180,海通期货  ,1670,-29,
黄金                ,au1812                        ,6,国泰君安  ,3437,-2827,宏源期货  ,3723,47,广发期货  ,1585,81,
黄金                ,au1812                        ,7,上海中期  ,3198,-5802,东海期货  ,3663,-17,中金期货  ,1569,-12,
黄金                ,au1812                        ,8,兴证期货  ,2950,213,建信期货  ,3487,405,东证期货  ,1508,-299,
黄金                ,au1812                        ,9,南华期货  ,2356,535,中衍期货  ,3160,-2,平安期货  ,1275,-78,
黄金                ,au1812                        ,10,广发期货  ,2352,-1638,东证期货  ,2938,545,首创期货  ,1146,6,
黄金                ,au1812                        ,11,西部期货  ,2060,-86,五矿经易  ,2932,692,新湖期货  ,1092,356,
黄金                ,au1812                        ,12,徽商期货  ,1746,-154,永安期货  ,2917,-95,银河期货  ,886,-158,
黄金                ,au1812                        ,13,华泰期货  ,1633,-1607,金瑞期货  ,2549,273,永安期货  ,839,-142,
黄金                ,au1812                        ,14,国投安信  ,1619,-1636,华泰期货  ,2466,-79,鲁证期货  ,781,-10,
黄金                ,au1812                        ,15,金瑞期货  ,1515,-389,平安期货  ,2454,204,兴证期货  ,694,-87,
黄金                ,au1812                        ,16,长江期货  ,1268,-171,山金期货  ,2379,36,中原期货  ,684,48,
黄金                ,au1812                        ,17,银河期货  ,1209,97,兴证期货  ,1905,-253,方正中期  ,677,-80,
黄金                ,au1812                        ,18,招金期货  ,1103,137,西部期货  ,1841,398,南华期货  ,675,73,
黄金                ,au1812                        ,19,永安期货  ,983,-252,通惠期货  ,1835,279,铜冠金源  ,668,42,
黄金                ,au1812                        ,20,建信期货  ,950,78,南华期货  ,1811,-159,东航期货  ,648,-13,
白银                ,agall                         ,-1,期货公司  ,183073,-133352,期货公司  ,401906,1967,期货公司  ,267879,1958,
白银                ,agall                         ,0,非期货公司,2483,-3552,非期货公司,4183,114,非期货公司,138210,123,
白银                ,ag1806                        ,1,中信期货  ,2869,1584,五矿经易  ,4629,-87,国泰君安  ,9940,-346,
白银                ,ag1806                        ,2,永安期货  ,1987,97,海通期货  ,3635,328,中信期货  ,4511,-7,
白银                ,ag1806                        ,3,大越期货  ,1131,1002,中银国际  ,3430,280,永安期货  ,4009,-393,
白银                ,ag1806                        ,4,建信期货  ,1063,570,方正中期  ,2888,-131,瑞龙期货  ,2669,-51,
白银                ,ag1806                        ,5,海通期货  ,1001,-151,云晨期货  ,2843,-25,江海汇鑫  ,2573,0,
白银                ,ag1806                        ,6,东证期货  ,964,-221,南华期货  ,2656,-411,五矿经易  ,2463,-200,
白银                ,ag1806                        ,7,国泰君安  ,899,169,中信期货  ,1590,-434,国贸期货  ,2107,-357,
白银                ,ag1806                        ,8,中财期货  ,870,393,申万期货  ,1141,-216,大地期货  ,1685,39,
白银                ,ag1806                        ,9,中银国际  ,753,-200,国泰君安  ,1033,-127,方正中期  ,1584,-21,
白银                ,ag1806                        ,10,中辉期货  ,703,-961,国贸期货  ,963,-10,云晨期货  ,1427,0,
白银                ,ag1806                        ,11,兴证期货  ,681,198,新湖期货  ,934,8,东证期货  ,1346,-455,
白银                ,ag1806                        ,12,瑞龙期货  ,657,-422,建信期货  ,842,-33,建信期货  ,1311,-550,
白银                ,ag1806                        ,13,南华期货  ,553,333,中国国际  ,834,-111,宏源期货  ,994,0,
白银                ,ag1806                        ,14,上海中期  ,548,-502,银河期货  ,825,-127,迈科期货  ,993,-171,
白银                ,ag1806                        ,15,申万期货  ,507,43,广金期货  ,784,-29,海通期货  ,938,-45,
白银                ,ag1806                        ,16,上海大陆  ,506,498,永安期货  ,774,-580,广发期货  ,839,-214,
白银                ,ag1806                        ,17,广发期货  ,472,301,中大期货  ,739,-9,中钢期货  ,826,0,
白银                ,ag1806                        ,18,国贸期货  ,375,202,金瑞期货  ,737,-10,一德期货  ,823,-30,
白银                ,ag1806                        ,19,徽商期货  ,374,23,上海中期  ,715,-8,国投安信  ,667,1,
白银                ,ag1806                        ,20,中信建投  ,342,4,鲁证期货  ,701,-11,中粮期货  ,663,-1,
白银                ,ag1812                        ,1,海通期货  ,15121,-14517,华泰期货  ,17831,314,国泰君安  ,28051,2953,
白银                ,ag1812                        ,2,中信期货  ,14520,-11130,方正中期  ,12476,328,中信期货  ,19685,-1980,
白银                ,ag1812                        ,3,国泰君安  ,6385,-1967,广发期货  ,12449,444,永安期货  ,18458,1456,
白银                ,ag1812                        ,4,国贸期货  ,5656,2249,建信期货  ,11381,-1826,招金期货  ,10813,79,
白银                ,ag1812                        ,5,中银国际  ,5026,-8682,永安期货  ,10993,-376,建信期货  ,8364,-44,
白银                ,ag1812                        ,6,上海中期  ,4826,-6747,海通期货  ,10230,1026,华泰期货  ,8182,576,
白银                ,ag1812                        ,7,华泰期货  ,4566,-1870,中信期货  ,9726,1154,金瑞期货  ,7886,1309,
白银                ,ag1812                        ,8,方正中期  ,4157,-5070,瑞龙期货  ,9470,446,瑞龙期货  ,6923,119,
白银                ,ag1812                        ,9,永安期货  ,4050,-2103,国投安信  ,9325,68,国贸期货  ,6652,1222,
白银                ,ag1812                        ,10,兴证期货  ,3767,-3600,中信建投  ,8466,1118,兴证期货  ,6138,46,
白银                ,ag1812                        ,11,东证期货  ,3250,-6234,首创期货  ,8214,33,首创期货  ,5664,-45,
白银                ,ag1812                        ,12,银河期货  ,3241,-1559,中衍期货  ,7954,97,方正中期  ,5259,257,
白银                ,ag1812                        ,13,南华期货  ,3191,-774,国泰君安  ,7479,58,五矿经易  ,4852,120,
白银                ,ag1812                        ,14,广发期货  ,3079,-1695,平安期货  ,7419,117,南华期货  ,4543,-328,
白银                ,ag1812                        ,15,长江期货  ,2847,-671,中钢期货  ,7223,1807,中州期货  ,4402,500,
白银                ,ag1812                        ,16,中信建投  ,2811,-735,东证期货  ,6761,257,中银国际  ,4141,394,
白银                ,ag1812                        ,17,国投安信  ,2801,-4169,鲁证期货  ,6501,44,海通期货  ,4137,-193,
白银                ,ag1812                        ,18,建信期货  ,2582,1412,金瑞期货  ,6356,-98,中金期货  ,4054,18,
白银                ,ag1812                        ,19,东航期货  ,2385,-654,国贸期货  ,6260,-3922,东兴期货  ,4023,-5,
白银                ,ag1812                        ,20,瑞龙期货  ,2255,-2475,中粮期货  ,6194,-14,浙商期货  ,3391,-655,
螺纹钢              ,rball                         ,-1,期货公司  ,4109342,198086,期货公司  ,1713172,-23971,期货公司  ,1714172,-23971,
螺纹钢              ,rball                         ,0,非期货公司,0,0,非期货公司,1000,0,非期货公司,0,0,
螺纹钢              ,rb1810                        ,1,海通期货  ,226336,12243,永安期货  ,138332,26562,永安期货  ,84144,-5036,
螺纹钢              ,rb1810                        ,2,中信期货  ,182023,-14278,银河期货  ,123086,-955,中信期货  ,72340,364,
螺纹钢              ,rb1810                        ,3,国投安信  ,144946,14635,华泰期货  ,91748,17978,海通期货  ,70050,-1700,
螺纹钢              ,rb1810                        ,4,同信久恒  ,140084,33285,中信期货  ,60483,25,华泰期货  ,52153,764,
螺纹钢              ,rb1810                        ,5,永安期货  ,127276,12990,信达期货  ,53584,-1197,国富期货  ,48075,-13975,
螺纹钢              ,rb1810                        ,6,东证期货  ,117711,-56143,国泰君安  ,51461,3444,一德期货  ,46255,299,
螺纹钢              ,rb1810                        ,7,方正中期  ,104470,883,申万期货  ,50560,-593,东海期货  ,45795,3099,
螺纹钢              ,rb1810                        ,8,国泰君安  ,103164,-27631,方正中期  ,44385,2832,鲁证期货  ,43745,-19887,
螺纹钢              ,rb1810                        ,9,华泰期货  ,98932,19743,海通期货  ,37787,3870,方正中期  ,42367,-8728,
螺纹钢              ,rb1810                        ,10,银河期货  ,96082,20627,浙商期货  ,37113,-631,国泰君安  ,41785,-926,
螺纹钢              ,rb1810                        ,11,徽商期货  ,95715,4435,瑞达期货  ,33781,10449,宏源期货  ,38845,-457,
螺纹钢              ,rb1810                        ,12,鲁证期货  ,86513,31978,鲁证期货  ,28657,-16924,浙商期货  ,37572,576,
螺纹钢              ,rb1810                        ,13,申万期货  ,73657,-13459,光大期货  ,25080,-503,招商期货  ,37488,9537,
螺纹钢              ,rb1810                        ,14,兴证期货  ,66894,3525,一德期货  ,23658,-1061,东证期货  ,34261,1332,
螺纹钢              ,rb1810                        ,15,广发期货  ,66168,25715,兴证期货  ,23112,8364,银河期货  ,33150,1997,
螺纹钢              ,rb1810                        ,16,上海中期  ,65956,-1458,东证期货  ,22357,-6807,建信期货  ,29865,811,
螺纹钢              ,rb1810                        ,17,美尔雅    ,64663,28920,南华期货  ,21464,-714,南华期货  ,28613,2818,
螺纹钢              ,rb1810                        ,18,冠通期货  ,60886,45010,中粮期货  ,21164,4599,新湖期货  ,27013,2453,
螺纹钢              ,rb1810                        ,19,宏源期货  ,59878,2400,金瑞期货  ,20807,758,申万期货  ,26383,-210,
螺纹钢              ,rb1810                        ,20,华安期货  ,56491,2750,大地期货  ,20480,764,美尔雅    ,25996,14393,
螺纹钢              ,rb1901                        ,1,海通期货  ,18428,1232,银河期货  ,19091,485,浙商期货  ,17800,974,
螺纹钢              ,rb1901                        ,2,东证期货  ,9482,-7440,东海期货  ,18194,158,银河期货  ,15599,507,
螺纹钢              ,rb1901                        ,3,中信期货  ,9313,-197,金元期货  ,15102,-11,永安期货  ,8842,-465,
螺纹钢              ,rb1901                        ,4,鲁证期货  ,8985,1617,中信期货  ,9678,-241,大地期货  ,8033,-22,
螺纹钢              ,rb1901                        ,5,银河期货  ,5632,-3437,华泰期货  ,7079,29,海通期货  ,7706,810,
螺纹钢              ,rb1901                        ,6,西部期货  ,4455,-349,信达期货  ,6929,78,东证期货  ,6679,241,
螺纹钢              ,rb1901                        ,7,国泰君安  ,4328,900,海通期货  ,5954,160,先融期货  ,5452,0,
螺纹钢              ,rb1901                        ,8,永安期货  ,3426,-300,国海良时  ,4420,-18,国联期货  ,5053,-1,
螺纹钢              ,rb1901                        ,9,徽商期货  ,3077,-524,永安期货  ,4347,317,国泰君安  ,4726,-1008,
螺纹钢              ,rb1901                        ,10,申万期货  ,2895,825,南华期货  ,4001,-433,中信期货  ,4209,-850,
螺纹钢              ,rb1901                        ,11,华泰期货  ,2843,706,中钢期货  ,3837,-27,方正中期  ,4037,-142,
螺纹钢              ,rb1901                        ,12,中银国际  ,2382,0,方正中期  ,3651,27,华泰期货  ,4026,454,
螺纹钢              ,rb1901                        ,13,国投安信  ,2331,-1405,中大期货  ,3513,3,国投安信  ,3789,200,
螺纹钢              ,rb1901                        ,14,光大期货  ,2195,-3041,浙商期货  ,3205,-237,申万期货  ,3673,598,
螺纹钢              ,rb1901                        ,15,中财期货  ,2048,1302,金瑞期货  ,3045,-3,中财期货  ,3591,823,
螺纹钢              ,rb1901                        ,16,建信期货  ,2007,1780,英大期货  ,2429,379,瑞达期货  ,3418,44,
螺纹钢              ,rb1901                        ,17,东海期货  ,1928,477,光大期货  ,2384,-158,华信期货  ,3327,-313,
螺纹钢              ,rb1901                        ,18,浙商期货  ,1923,281,五矿经易  ,2331,25,五矿经易  ,3325,23,
螺纹钢              ,rb1901                        ,19,弘业期货  ,1644,312,国联期货  ,2227,24,光大期货  ,3214,-693,
螺纹钢              ,rb1901                        ,20,通惠期货  ,1628,1615,国贸期货  ,2103,-44,宝城期货  ,2819,-280,
热轧卷板            ,hcall                         ,-1,期货公司  ,775438,37424,期货公司  ,404902,33941,期货公司  ,404902,33941,
热轧卷板            ,hcall                         ,0,非期货公司,0,0,非期货公司,0,0,非期货公司,0,0,
热轧卷板            ,hc1810                        ,1,海通期货  ,53265,7747,永安期货  ,39842,6480,永安期货  ,18860,212,
热轧卷板            ,hc1810                        ,2,中信期货  ,42473,1344,中信期货  ,25945,289,鲁证期货  ,17130,1977,
热轧卷板            ,hc1810                        ,3,东证期货  ,38718,-4555,银河期货  ,17797,2037,银河期货  ,16748,1649,
热轧卷板            ,hc1810                        ,4,国投安信  ,35227,1830,华泰期货  ,16455,6160,中信期货  ,15628,-5626,
热轧卷板            ,hc1810                        ,5,永安期货  ,29550,2125,信达期货  ,15431,3564,东证期货  ,12510,6046,
热轧卷板            ,hc1810                        ,6,鲁证期货  ,23835,6254,浙商期货  ,11410,2596,国贸期货  ,12194,278,
热轧卷板            ,hc1810                        ,7,兴证期货  ,20554,1245,国泰君安  ,9277,1159,东海期货  ,11817,1700,
热轧卷板            ,hc1810                        ,8,华泰期货  ,19473,11200,兴证期货  ,9144,1947,首创期货  ,10277,-66,
热轧卷板            ,hc1810                        ,9,银河期货  ,17540,-1628,新世纪    ,8556,1207,光大期货  ,9440,96,
热轧卷板            ,hc1810                        ,10,国泰君安  ,15108,-3070,金瑞期货  ,8359,50,中国国际  ,9427,975,
热轧卷板            ,hc1810                        ,11,中银国际  ,14056,4096,东证期货  ,7989,710,海通期货  ,8284,1061,
热轧卷板            ,hc1810                        ,12,徽商期货  ,13839,1069,方正中期  ,6669,-337,一德期货  ,8112,1354,
热轧卷板            ,hc1810                        ,13,西部期货  ,12203,1772,海通期货  ,6352,-1282,方正中期  ,7710,2159,
热轧卷板            ,hc1810                        ,14,申万期货  ,12161,-2026,五矿经易  ,6038,2268,国投安信  ,7606,-529,
热轧卷板            ,hc1810                        ,15,华安期货  ,11505,772,光大期货  ,5570,2296,兴证期货  ,7573,1243,
热轧卷板            ,hc1810                        ,16,方正中期  ,10932,-834,瑞达期货  ,5402,1433,新湖期货  ,7507,-31,
热轧卷板            ,hc1810                        ,17,瑞达期货  ,10500,1165,国海良时  ,5054,653,渤海期货  ,7505,1045,
热轧卷板            ,hc1810                        ,18,浙商期货  ,10478,5391,恒泰期货  ,4707,-71,华泰期货  ,6824,-1899,
热轧卷板            ,hc1810                        ,19,西南期货  ,9756,-1307,南华期货  ,4594,-1385,新晟期货  ,6613,49,
热轧卷板            ,hc1810                        ,20,中融汇信  ,8865,1099,国投安信  ,4544,266,广发期货  ,6297,93,
石油沥青            ,buall                         ,-1,期货公司  ,298960,-403330,期货公司  ,224736,-5962,期货公司  ,221236,-6462,
石油沥青            ,buall                         ,0,非期货公司,500,-2500,非期货公司,0,0,非期货公司,3500,500,
石油沥青            ,bu1806                        ,1,方正中期  ,957,322,江海汇鑫  ,1808,0,中银国际  ,1648,0,
石油沥青            ,bu1806                        ,2,银河期货  ,735,-1,银河期货  ,1091,682,银河期货  ,939,-13,
石油沥青            ,bu1806                        ,3,东证期货  ,675,-1000,方正中期  ,878,-605,中粮期货  ,517,-6,
石油沥青            ,bu1806                        ,4,中粮期货  ,512,69,浙商期货  ,653,-4,一德期货  ,485,11,
石油沥青            ,bu1806                        ,5,中辉期货  ,470,278,永安期货  ,651,-69,永安期货  ,447,-60,
石油沥青            ,bu1806                        ,6,国富期货  ,385,327,一德期货  ,650,-331,招商期货  ,439,3,
石油沥青            ,bu1806                        ,7,申万期货  ,346,-326,兴业期货  ,603,-18,中辉期货  ,415,-275,
石油沥青            ,bu1806                        ,8,一德期货  ,344,-719,国富期货  ,350,349,广金期货  ,301,-2,
石油沥青            ,bu1806                        ,9,海通期货  ,310,-627,中银国际  ,265,0,华泰期货  ,218,3,
石油沥青            ,bu1806                        ,10,国投安信  ,308,-843,招商期货  ,209,-1,中信期货  ,209,-4,
石油沥青            ,bu1806                        ,11,兴证期货  ,241,-37,海通期货  ,206,-5,东海期货  ,207,1,
石油沥青            ,bu1806                        ,12,新纪元    ,236,60,中辉期货  ,186,151,格林大华  ,193,9,
石油沥青            ,bu1806                        ,13,永安期货  ,235,33,国泰君安  ,142,-6,长江期货  ,170,-21,
石油沥青            ,bu1806                        ,14,中信期货  ,225,-319,东证期货  ,117,59,方正中期  ,156,0,
石油沥青            ,bu1806                        ,15,渤海期货  ,202,-13,长江期货  ,115,17,瑞龙期货  ,147,-8,
石油沥青            ,bu1806                        ,16,创元期货  ,146,-138,中信期货  ,107,-13,建信期货  ,134,-21,
石油沥青            ,bu1806                        ,17,铜冠金源  ,125,-95,中粮期货  ,106,-506,上海大陆  ,130,1,
石油沥青            ,bu1806                        ,18,中信建投  ,98,-431,恒银期货  ,100,0,国海良时  ,120,-2,
石油沥青            ,bu1806                        ,19,中银国际  ,96,-32,中衍期货  ,86,-1,华安期货  ,117,0,
石油沥青            ,bu1806                        ,20,大地期货  ,90,46,鲁证期货  ,79,3,上海中期  ,114,0,
石油沥青            ,bu1812                        ,1,海通期货  ,24499,-31203,华泰期货  ,18151,-648,永安期货  ,36335,-1410,
石油沥青            ,bu1812                        ,2,国投安信  ,17836,-12402,国泰君安  ,15936,986,银河期货  ,13225,-773,
石油沥青            ,bu1812                        ,3,东证期货  ,14601,-40186,中信期货  ,9074,-172,浙商期货  ,11036,10,
石油沥青            ,bu1812                        ,4,申万期货  ,12858,-21889,银河期货  ,7726,224,方正中期  ,8113,194,
石油沥青            ,bu1812                        ,5,国泰君安  ,7845,-17683,永安期货  ,6707,-622,中信期货  ,7450,-608,
石油沥青            ,bu1812                        ,6,五矿经易  ,7626,-8952,方正中期  ,6233,-63,申万期货  ,6534,101,
石油沥青            ,bu1812                        ,7,中信期货  ,7276,-7384,中信建投  ,6222,471,西南期货  ,6448,236,
石油沥青            ,bu1812                        ,8,冠通期货  ,6827,-9129,国投安信  ,5885,-1093,新湖期货  ,6352,-108,
石油沥青            ,bu1812                        ,9,山西三立  ,6495,-1625,海通期货  ,5592,-1016,渤海期货  ,4210,46,
石油沥青            ,bu1812                        ,10,永安期货  ,6270,-14048,大越期货  ,5591,687,中财期货  ,3768,-107,
石油沥青            ,bu1812                        ,11,广发期货  ,6013,-3277,光大期货  ,5218,-1264,东证期货  ,3400,-209,
石油沥青            ,bu1812                        ,12,徽商期货  ,5659,-7681,瑞龙期货  ,5188,31,国海良时  ,3271,-24,
石油沥青            ,bu1812                        ,13,兴证期货  ,5265,-10875,东航期货  ,5086,-78,宏源期货  ,3119,58,
石油沥青            ,bu1812                        ,14,国金期货  ,5216,-1778,中金期货  ,4497,-46,国泰君安  ,2988,47,
石油沥青            ,bu1812                        ,15,国海良时  ,5146,-4765,宏源期货  ,4286,436,国投安信  ,2976,47,
石油沥青            ,bu1812                        ,16,华泰期货  ,5074,-4904,兴证期货  ,3883,-352,中粮期货  ,2949,-63,
石油沥青            ,bu1812                        ,17,光大期货  ,4940,-1556,五矿经易  ,3480,-1082,广发期货  ,2524,283,
石油沥青            ,bu1812                        ,18,华安期货  ,4933,-3715,浙商期货  ,3418,-520,大地期货  ,2050,51,
石油沥青            ,bu1812                        ,19,东航期货  ,4912,-4585,申万期货  ,3131,23,五矿经易  ,1967,230,
石油沥青            ,bu1812                        ,20,铜冠金源  ,4719,-44,广发期货  ,2865,200,中信建投  ,1951,4,
天然橡胶            ,ruall                         ,-1,期货公司  ,760000,206604,期货公司  ,334732,7953,期货公司  ,334542,7953,
天然橡胶            ,ruall                         ,0,非期货公司,0,0,非期货公司,1000,0,非期货公司,1190,0,
天然橡胶            ,ru1809                        ,1,海通期货  ,66081,15340,方正中期  ,9081,549,永安期货  ,28009,353,
天然橡胶            ,ru1809                        ,2,中信期货  ,45832,11058,永安期货  ,8557,242,中信期货  ,15005,228,
天然橡胶            ,ru1809                        ,3,国投安信  ,41037,10677,海通期货  ,8180,557,中银国际  ,12318,176,
天然橡胶            ,ru1809                        ,4,鲁证期货  ,25729,7990,南华期货  ,7859,695,银河期货  ,9673,263,
天然橡胶            ,ru1809                        ,5,方正中期  ,25082,4739,中信期货  ,7719,-36,格林大华  ,8154,30,
天然橡胶            ,ru1809                        ,6,东证期货  ,24267,-658,广发期货  ,7693,353,国泰君安  ,8045,256,
天然橡胶            ,ru1809                        ,7,同信久恒  ,17862,6995,银河期货  ,7309,-271,国贸期货  ,7352,204,
天然橡胶            ,ru1809                        ,8,中融汇信  ,17706,-2739,华泰期货  ,6968,205,海通期货  ,7330,366,
天然橡胶            ,ru1809                        ,9,申万期货  ,14003,5425,国泰君安  ,6337,245,华泰期货  ,7006,-25,
天然橡胶            ,ru1809                        ,10,永安期货  ,13663,3826,中国国际  ,5252,605,建信期货  ,6752,185,
天然橡胶            ,ru1809                        ,11,银河期货  ,13588,4677,徽商期货  ,5007,359,中粮期货  ,6690,8,
天然橡胶            ,ru1809                        ,12,徽商期货  ,13364,6224,宏源期货  ,4808,-7,瑞达期货  ,6640,-46,
天然橡胶            ,ru1809                        ,13,国泰君安  ,11933,2024,申万期货  ,4730,379,东证期货  ,6140,647,
天然橡胶            ,ru1809                        ,14,华泰期货  ,11524,3065,光大期货  ,4517,404,方正中期  ,5635,-21,
天然橡胶            ,ru1809                        ,15,广发期货  ,11438,4560,国投安信  ,4446,-123,南华期货  ,5488,-244,
天然橡胶            ,ru1809                        ,16,创元期货  ,9777,3306,浙商期货  ,4363,64,申万期货  ,5447,918,
天然橡胶            ,ru1809                        ,17,光大期货  ,9418,918,东证期货  ,4354,218,大地期货  ,5312,136,
天然橡胶            ,ru1809                        ,18,兴证期货  ,8954,3288,瑞达期货  ,4228,-131,中大期货  ,5310,-556,
天然橡胶            ,ru1809                        ,19,南华期货  ,8285,3316,中信建投  ,4065,-105,新湖期货  ,5119,115,
天然橡胶            ,ru1809                        ,20,中信建投  ,7671,2281,五矿经易  ,3895,102,宝城期货  ,5090,73,
天然橡胶            ,ru1901                        ,1,海通期货  ,10599,1760,永安期货  ,4903,65,永安期货  ,6090,740,
天然橡胶            ,ru1901                        ,2,鲁证期货  ,6965,2783,格林大华  ,2339,-35,海通期货  ,4705,-131,
天然橡胶            ,ru1901                        ,3,中信期货  ,6413,2165,中信期货  ,2325,9,中银国际  ,3229,51,
天然橡胶            ,ru1901                        ,4,永安期货  ,3795,1212,广发期货  ,2050,107,国泰君安  ,2988,-18,
天然橡胶            ,ru1901                        ,5,东证期货  ,3682,-2350,五矿经易  ,1677,195,建信期货  ,2883,18,
天然橡胶            ,ru1901                        ,6,申万期货  ,2454,830,中投期货  ,1646,7,国信期货  ,2240,11,
天然橡胶            ,ru1901                        ,7,中融汇信  ,1610,461,华泰期货  ,1640,-55,华泰期货  ,2080,-187,
天然橡胶            ,ru1901                        ,8,中银国际  ,1538,567,国贸期货  ,1573,181,格林大华  ,2048,-376,
天然橡胶            ,ru1901                        ,9,铜冠金源  ,1441,1043,海通期货  ,1479,276,银河期货  ,2041,52,
天然橡胶            ,ru1901                        ,10,国投安信  ,1419,229,国泰君安  ,1408,35,中信期货  ,1672,156,
天然橡胶            ,ru1901                        ,11,光大期货  ,1319,733,银河期货  ,1397,137,大地期货  ,1565,2,
天然橡胶            ,ru1901                        ,12,同信久恒  ,1319,914,方正中期  ,1389,-2,国投安信  ,1540,-16,
天然橡胶            ,ru1901                        ,13,华安期货  ,1225,745,光大期货  ,1364,-10,中大期货  ,1322,226,
天然橡胶            ,ru1901                        ,14,广发期货  ,1213,847,中信建投  ,1360,-194,中粮期货  ,1317,-17,
天然橡胶            ,ru1901                        ,15,方正中期  ,1055,198,东航期货  ,1278,60,五矿经易  ,1261,-5,
天然橡胶            ,ru1901                        ,16,华泰期货  ,982,411,中国国际  ,1131,165,倍特期货  ,1142,15,
天然橡胶            ,ru1901                        ,17,银河期货  ,823,396,国投安信  ,1041,193,申万期货  ,1125,27,
天然橡胶            ,ru1901                        ,18,格林大华  ,797,73,宏源期货  ,1028,-15,首创期货  ,1082,2,
天然橡胶            ,ru1901                        ,19,东航期货  ,777,82,东证期货  ,1027,7,新湖期货  ,1052,32,
天然橡胶            ,ru1901                        ,20,创元期货  ,763,575,首创京都  ,982,-15,光大期货  ,1049,411,
